company_name,exchange,ticker
3M Corporation,NYSE,MMM
AAR Corporation,NYSE,AIR
ABB Ltd,NYSE,ABB
Abbott Laboratories,NYSE,ABT
Abbvie Inc,NYSE,ABBV
ABInBev ,NYSE,BUD
"ABM Industries, Inc.",NYSE,ABM
Acadia Realty Trust,NYSE,AKR
Accenture plc,NYSE,ACN
ACCO Brands,NYSE,ACCO
Accuride Corporation,NYSE,ACW
"Acuity Brands, Inc.",NYSE,AYI
ADC Therapeutics SA,NYSE,ADCT
Adient Plc,NYSE,ADNT
ADT Corp,NYSE,ADT
Adtalem Global Education Inc.,NYSE,ATGE
Advance Auto Parts Inc.,NYSE,AAP
Advanced Drainage Systems Inc,NYSE,WMS
Advansix,NYSE,ASIX
AECOM Technology Corporation,NYSE,ACM
AEGON N.V.,NYSE,AEG
Aerojet Rocketdyne Holdings Inc.,NYSE,AJRD
Affiliated Managers Group Inc.,NYSE,AMG
AFLAC Inc.,NYSE,AFL
AGCO Corporation,NYSE,AGCO
Agilent Technologies Inc.,NYSE,A
"Agiliti, Inc.",NYSE,AGTI
"agilon health, inc.",NYSE,AGL
Agree Realty Corporation,NYSE,ADC
Air Lease Corp,NYSE,AL
Air Products & Chemicals Inc.,NYSE,APD
Aircastle Limited,NYSE,AYR
Alabama Power Company,NYSE,ALP-PQ
Alamo Group Inc.,NYSE,ALG
Alaska Air Group Inc.,NYSE,ALK
Albany International Corp.,NYSE,AIN
Albemarle Corporation,NYSE,ALB
"Albertsons Companies, Inc.",NYSE,ACI
Alcoa Inc.,NYSE,AA
Alcon Inc.,NYSE,ALC
"Alexander & Baldwin, Inc.",NYSE,ALEX
"Alexandria Real Estate Equities, Inc.",NYSE,ARE
Alibaba Group Holding Limited,NYSE,BABA
"Alight, Inc.",NYSE,ALIT
Alleghany Corporation,NYSE,Y
Allegheny Technologies Inc.,NYSE,ATI
Allergan plc,NYSE,AGN
ALLETE Inc,NYSE,ALE
AllianceBernstein L.P.,NYSE,AB
Alliant Energy Corporation,NYSE,LNT
Allianz SE,NYSE,AZ
Allison Transmission,NYSE,ALSN
Allstate Corporation,NYSE,ALL
Ally Financial Inc,NYSE,ALLY
Altria Group Inc.,NYSE,MO
"Altus Power, Inc.",NYSE,AMPS
Aluminum Corporation of China Limited,NYSE,ACH
Ambev S.A.,NYSE,ABEV
Amdocs Ltd.,NYSE,DOX
"Amer Sports, Inc.",NYSE,AS
Ameren Corporation,NYSE,AEE
Ameresco Inc.,NYSE,AMRC
"America Movil, S.A.B. de C.V.",NYSE,AMX
American Assets Trust,NYSE,AAT
American Axle & Manufacturing Holdings Inc.,NYSE,AXL
American Campus Communities Inc.,NYSE,ACC
"American Eagle Outfitters, Inc.",NYSE,AEO
"American Electric Power Company, Inc.",NYSE,AEP
American Express Company,NYSE,AXP
American Financial Group Inc.,NYSE,AFG
American Homes 4 Rent,NYSE,AMH
"American International Group, Inc.",NYSE,AIG
American States Water Company,NYSE,AWR
American Tower Corporation,NYSE,AMT
American Water Works Company Inc.,NYSE,AWK
Americold Realty Trust,NYSE,COLD
Ameriprise Financial Inc.,NYSE,AMP
Ametek Inc.,NYSE,AME
AMN Healthcare Services Inc.,NYSE,AMN
"Amneal Pharmaceuticals, Inc.",NYSE,AMRX
Amphenol Corporation,NYSE,APH
Amplify Energy Corp.,NYSE,AMPY
"Angel Oak Mortgage REIT, Inc.",NYSE,AOMR
AngloGold Ashanti Limited,NYSE,AU
Anixter International Inc.,NYSE,AXE
Annaly Capital Management Inc.,NYSE,NLY
Antero Midstream Partners LP,NYSE,AM
Antero Resources Corp,NYSE,AR
Anywhere Real Estate Inc.,NYSE,HOUS
AO Smith Corporation,NYSE,AOS
Aon Corporation,NYSE,AON
Apache Corporation,NYSE,APA
Apartment Investment and Management Company,NYSE,AIV
APi Group Corporation,NYSE,APG
"Apollo Global Management, LLC",NYSE,APO
"Applied Industrial Technologies, Inc.",NYSE,AIT
AptarGroup Inc.,NYSE,ATR
Aptiv,NYSE,APTV
Aramark,NYSE,ARMK
Arbor Realty Trust Inc.,NYSE,ABR
Arcadium Lithium plc,NYSE,ALTM
ArcelorMittal,NYSE,ADR
"Arch Resources, Inc.",NYSE,ARCH
Archer Daniels Midland Company,NYSE,ADM
Archrock Inc,NYSE,AROC
Arconic Inc.,NYSE,ARNC
Arcos Dorados Holdings Inc.,NYSE,ARCO
"Arcosa, Inc.",NYSE,ACA
Ardagh Group S.A.,NYSE,ARD
Ardagh Metal Packaging S.A.,NYSE,AMBP
Ares Management Corporation,NYSE,ARES
"Aris Water Solutions, Inc.",NYSE,ARIS
Arista Networks Inc,NYSE,ANET
"Arlo Technologies, Inc.",NYSE,ARLO
Armada Hoffler Properties Inc,NYSE,AHH
"ARMOUR Residential REIT, Inc.",NYSE,ARR
"Armstrong Flooring, Inc.",NYSE,AFI
"Armstrong World Industries, Inc.",NYSE,AWI
Arrow Electronics Inc.,NYSE,ARW
Arthur J Gallagher & Co.,NYSE,AJG
Artisan Partners Asset,NYSE,APAM
"Artivion, Inc.",NYSE,AORT
"Asana, Inc.",NYSE,ASAN
"Asbury Automotive Group, Inc.",NYSE,ABG
"ASE Technology Holding Co., Ltd.",NYSE,ASX
ASGN Incorporated,NYSE,ASGN
Ashland Inc.,NYSE,ASH
Ashtead Group plc,NYSE,AHT
Aspen Aerogels ,NYSE,ASPN
"AssetMark Financial Holdings, Inc.",NYSE,AMK
Associated Banc-Corp,NYSE,ASB
Assurant Inc.,NYSE,AIZ
At Home Group Inc.,NYSE,HOME
AT&T Inc.,NYSE,T
Atento,NYSE,ATTO
Athene Holding Ltd.,NYSE,ATH
Atkore Inc.,NYSE,ATKR
Atlas Corp.,NYSE,ATCO
Atmos Energy Corporation,NYSE,ATO
AU Optronics Corp,NYSE,ADR
Autohome Inc.,NYSE,ATHM
Autoliv Inc.,NYSE,ALV
Automatic Data Processing Inc.,NYSE,ADP
"AutoNation, Inc.",NYSE,AN
AutoZone Inc.,NYSE,AZO
Avalara,NYSE,AVLR
AvalonBay Communities Inc.,NYSE,AVB
"Avangrid, Inc.",NYSE,AGR
"Avanos Medical, Inc.",NYSE,AVNS
"Avantor, Inc.",NYSE,AVTR
Avaya Holdings Corp,NYSE,AVYA
Avery Dennison Corporation,NYSE,AVY
Avianca Holdings S.A.,NYSE,AVH
"AvidXchange Holdings, Inc.",NYSE,AVDX
Avient Corporation,NYSE,AVNT
Avista Corp.,NYSE,AVA
"Avnet, Inc.",NYSE,AVT
"Avon Products, Inc.",NYSE,AVP
Axalta Coating Systems,NYSE,AXTA
Azure Power Global Limited,NYSE,AZRE
AZZ Incorporated,NYSE,AZZ
Babcock & Wilcox,NYSE,BW
Badger Meter Inc.,NYSE,BMI
Baker Hughes Inc.,NYSE,BKR
Ball Corporation,NYSE,BLL
Banco Latinoamericano de Exportaciones SA,NYSE,BLX
Banco Santander SA,NYSE,BSAC
Bank of Hawaii Corporation,NYSE,BOH
Bank of New York Mellon,NYSE,BK
Bar Harbor Bankshares,NYSE,BHB
"Barings BDC, Inc.",NYSE,BBDC
Barnes Group Inc.,NYSE,B
Bath & Body Works Inc.,NYSE,BBWI
Bausch + Lomb Corporation,NYSE,BLCO
Bausch Health Companies Inc.,NYSE,BHC
Baxter International Inc.,NYSE,BAX
Baytex Energy Corporation,NYSE,BTE
BCE Inc.,NYSE,BCE
Beazer Homes USA Inc.,NYSE,BZH
"Becton, Dickinson and Company",NYSE,BDX
Belden Inc.,NYSE,BDC
"BellRing Brands, Inc.",NYSE,BRBR
Benchmark Electronics Inc.,NYSE,BHE
"Benson Hill, Inc.",NYSE,BHIL
Berry Global Group Inc,NYSE,BERY
Best Buy,NYSE,BBY
BEST Inc.,NYSE,BEST
"Beyond, Inc.",NYSE,BYON
BHP Billiton Ltd,NYSE,BHP
Big Lots Inc.,NYSE,BIG
"BigBear.ai Holdings, Inc.",NYSE,BBAI
Bill.com,NYSE,BILL
Bio-Rad Laboratories,NYSE,BIO
Biohaven Pharmaceutical Holding Company Ltd.,NYSE,BHVN
BioMed Realty Trust Inc.,NYSE,BMR
"BJ's Wholesale Club, Inc.",NYSE,BJ
Black Hills Corporation,NYSE,BKH
"Black Knight Financial Services, Inc.",NYSE,BKI
Bladex,NYSE,BLX
"Block, Inc. ",NYSE,SQ
Bloom Energy,NYSE,BE
Blue Apron,NYSE,APRN
Blue Owl Capital Inc.,NYSE,OWL
"Boardwalk Pipeline Partners, LP",NYSE,BWP
Boeing Company,NYSE,BA
Booz Allen Hamilton,NYSE,BAH
BorgWarner,NYSE,BWA
Borr Drilling Limited,NYSE,BORR
Boston Beer Inc.,NYSE,SAM
Boston Scientific Corporation,NYSE,BSX
Boyd Gaming Corporation,NYSE,BYD
BP Midstream Partners LP,NYSE,BPMP
Brady Corporation,NYSE,BRC
Brandywine Realty Trust,NYSE,BDN
Brasilagro Cia Brasileira De Propriedades Agricolas,NYSE,LND
Braskem S.A.,NYSE,BAK
Bread Financial,NYSE,BFH
BRF,NYSE,BRFS
Bridge Investment Group Holdings Inc.,NYSE,BRDG
"BrightView Holdings, Inc.",NYSE,BV
Brinks Co.,NYSE,BCO
Bristol Myers Squibb Co.,NYSE,BMY
Bristow Group Inc.,NYSE,VTOL
Brixmor Property Group Inc,NYSE,BRX
Broadridge Financial Solutions Inc.,NYSE,BR
"Broadstone Net Lease, Inc.",NYSE,BNL
Brookdale Senior Living Inc.,NYSE,BKD
Brookfield Asset Management Ltd.,NYSE,BAM
Brookfield Business Partners L.P.,NYSE,BBU
Brookfield Corporation,NYSE,BN
Brookfield Infrastructure Partners L.P.,NYSE,BIP
Brown & Brown Inc.,NYSE,BRO
Brown Forman,NYSE,BF
Brunswick Corporation,NYSE,BC
"Buckeye Partners, L.P.",NYSE,BPL
Build-A-Bear Workshop,NYSE,BBW
Bunge Limited,NYSE,BG
Burlington Stores Inc,NYSE,BURL
BWX Technologies Inc,NYSE,BWXT
BXP,NYSE,BXP
Byline Bancorp Inc.,NYSE,BY
Cabot Corporation,NYSE,CBT
CACI International Inc.,NYSE,CACI
Cadeler,NYSE,CDLR
Cadence Bancorporation,NYSE,CADE
"Cal-Maine Foods, Inc.",NYSE,CALM
Caledonia Mining Corporation,NYSE,CMCL
Caleres Inc.,NYSE,CAL
California Resources Corporation,NYSE,CRC
California Water Service Group,NYSE,CWT
Callaway Golf Co.,NYSE,ELY
Callon Petroleum Company,NYSE,CPE
Calpine Corporation,NYSE,CPN
Camden Property Trust,NYSE,CPT
Campbell Soup Company,NYSE,CPB
"Cannae Holdings, Inc.",NYSE,CNNE
"Canon, Inc.",NYSE,CAJ
Cantel Medical Corp.,NYSE,CMN
Capital One Financial Corporation,NYSE,COF
Capri Holdings Limited,NYSE,CPRI
Cardinal Health Inc.,NYSE,CAH
Carlisle Companies Inc.,NYSE,CSL
CarMax Inc.,NYSE,KMX
Carnival Corporation & plc,NYSE,CCL
Carpenter Technology Corp.,NYSE,CRS
Carrier Global Corporation,NYSE,CARR
Cars.com Inc.,NYSE,CARS
"Carter's, Inc.",NYSE,CRI
Catalent Inc,NYSE,CTLT
Catchmark Timber Trust Inc,NYSE,CTT
Caterpillar Inc.,NYSE,CAT
"CB Richard Ellis Group, Inc.",NYSE,CBRE
CBIZ Inc.,NYSE,CBZ
CBRE Group Inc,NYSE,CBRE
Celanese Corp.,NYSE,CE
Celestica Inc,NYSE,CLS
Cemex S.A.B. de C.V.,NYSE,CX
Cencora,NYSE,COR
Centene Corporation,NYSE,CNC
CenterPoint Energy Inc.,NYSE,CNP
Centerspace,NYSE,CSR
Centrais Electricas Brasileiras S.A.- Eletrobras,NYSE,EBR
Central Pacific Financial Corp.,NYSE,CPF
"Centuri Group, Inc.",NYSE,CTRI
"Century Communities, Inc",NYSE,CCS
"CF Industries Holdings, Inc.",NYSE,CF
CGI Group Inc.,NYSE,GIB
ChampionX Corporation,NYSE,CHX
"Charah Solutions, Inc.",NYSE,CHRA
"Charles River Laboratories International, Inc.",NYSE,CRL
Charles Schwab Corp.,NYSE,SCHW
Chase Corporation,NYSE,CCF
Chatham Lodging Trust,NYSE,CLDT
Chegg Inc,NYSE,CHGG
Chesapeake Energy Corporation,NYSE,CHK
Chesapeake Utilities Corporation,NYSE,CPK
Chevron Corporation,NYSE,CVX
Chico's FAS Inc.,NYSE,CHS
Chimera Investment,NYSE,CIM
China Life Insurance Company,NYSE,LFC
China Mobile Limited,NYSE,CHL
China Online Education Group,NYSE,COE
China Petroleum & Chemical Corporation,NYSE,SNP
China Southern Airlines Company Limited,NYSE,ZNH
China Telecom Corp Ltd,NYSE,CHA
China Unicom (Hong Kong) Ltd,NYSE,CHU
Chipotle Mexican Grill Inc.,NYSE,CMG
Choice Hotels International Inc.,NYSE,CHH
Chubb Limited,NYSE,CB
"Chunghwa Telecom Co., Ltd.",NYSE,CHT
Church & Dwight Co. Inc.,NYSE,CHD
Ciena Corporation,NYSE,CIEN
CIGNA Corporation,NYSE,CI
Ciner Resources LP,NYSE,CINR
CIT Group Inc.,NYSE,CIT
Citigroup Inc.,NYSE,C
Citizens Financial Group,NYSE,CFG
City Office Reit,NYSE,CIO
Civeo Corp,NYSE,CVEO
Civitas Resources,NYSE,CIVI
Clarivate Plc,NYSE,CLVT
Clean Harbors Inc.,NYSE,CLH
Clear Channel Outdoor,NYSE,CCO
Clearwater Paper Corp,NYSE,CLW
"Clearway Energy, Inc.",NYSE,CWEN
Cliffs Natural Resources Inc.,NYSE,CLF
"Cloudera, Inc.",NYSE,CLDR
"Cloudflare, Inc.",NYSE,NET
CMS Energy Corp.,NYSE,CMS
CNA Financial Corporation,NYSE,CNA
CNH Industrial N.V.,NYSE,CNHI
"CNO Financial Group, Inc.",NYSE,CNO
CNX Resources,NYSE,CNX
Coca Cola,NYSE,KO
Coca Cola Femsa S.A.B. de C.V.,NYSE,KOF
Coeur Mining Inc. ,NYSE,CDE
Cohen & Company Inc.,NYSE,COHN
Cohen & Steers Inc.,NYSE,CNS
Colgate-Palmolive Co.,NYSE,CL
Columbia Property Trust Inc,NYSE,CXP
Comerica,NYSE,CMA
Comfort Systems USA,NYSE,FIX
Commercial Metals Co.,NYSE,CMC
Community Health Systems Inc.,NYSE,CYH
Companhia de saneamento Basico Do Estado De Sao Paulo - Sabesp,NYSE,SBS
Companhia Paranaense de Energia (COPEL),NYSE,ELP
Compañía de Minas Buenaventura S.A.A.,NYSE,BVN
Compass Minerals International Inc.,NYSE,CMP
Conagra Brands Inc.,NYSE,CAG
Concho Resources,NYSE,CXO
Conduent Inc.,NYSE,CNDT
ConocoPhillips,NYSE,COP
Consol Energy Inc.,NYSE,CEIX
"Consolidated Edison, Inc.",NYSE,ED
Constellation Brands,NYSE,STZ
Constellium SE,NYSE,CSTM
Continental Resources Inc.,NYSE,CLR
Cooper Companies,NYSE,COO
Cooper Tire & Rubber,NYSE,CTB
Cooper-Standard Holdings Inc,NYSE,CPS
Copa Holdings Inc.,NYSE,CPA
COPT Defense Properties,NYSE,CDP
"Core & Main, Inc.",NYSE,CNM
Core Laboratories,NYSE,CLB
Core Molding Technologies Inc.,NYSE,CMT
CoreCivic,NYSE,CXW
Corelogic Inc,NYSE,CLGX
Corenergy Infrastructure Trust Inc,NYSE,CORR
CoreSite Realty Corp,NYSE,COR
"Cornerstone Building Brands, Inc.",NYSE,CNR
Corning Inc,NYSE,GLW
Corpay,NYSE,CPAY
Corporacion America Airports SA,NYSE,CAAP
"Corteva, Inc.",NYSE,CTVA
Costamare Inc.,NYSE,CMRE
Coterra Energy Inc,NYSE,CTRA
Coty Inc,NYSE,COTY
Coursera Inc.,NYSE,COUR
Cousins Properties,NYSE,CUZ
Covanta Holding Corporation,NYSE,CVA
"Covenant Logistics Group, Inc.",NYSE,CVLG
Covia Holdings Corp,NYSE,CVIA
CPI Aerostructures,NYSE,CVU
Crane,NYSE,CR
Crawford & Co.,NYSE,CRD
Credicorp Ltd.,NYSE,BAP
Credit Suisse Group,NYSE,CS
Crescent Energy,NYSE,CRGY
Crown Castle International,NYSE,CCI
Crown Holdings,NYSE,CCK
CTS Corporation,NYSE,CTS
CubeSmart,NYSE,CUBE
Cubic Corp.,NYSE,CUB
Cummins Inc.,NYSE,CMI
Cushman & Wakefield,NYSE,CWK
"Custom Truck One Source, Inc.",NYSE,CTOS
Customers Bancorp Inc,NYSE,CUBI
CVS Health,NYSE,CVS
D R Horton Inc.,NYSE,DHI
Dakota Gold Corp.,NYSE,DC
Dana Incorporated,NYSE,DAN
Danaher Corporation,NYSE,DHR
Danaos Corporation,NYSE,DAC
"Danimer Scientific, Inc.",NYSE,DNMR
Darling Ingredients Inc.,NYSE,DAR
DaVita,NYSE,DVA
Deere & Co.,NYSE,DE
Delek Logistics Partners LP,NYSE,DKL
Delek US Holdings Inc.,NYSE,DK
Dell Technologies Inc.,NYSE,DELL
Delphi,NYSE,DPH
Delta Air Lines Inc.,NYSE,DAL
Denbury Resources Inc.,NYSE,DNR
Denison Mines Corp.,NYSE,DML
"Despegar.com, Corp.",NYSE,DESP
Deutsche Bank AG,NYSE,DB
Devon Energy Corporation,NYSE,DVN
"DHT Holdings, Inc.",NYSE,DHT
Diamond Offshore Drilling Inc.,NYSE,DO
DiamondRock Hospitality Co.,NYSE,DRH
Diana Shipping,NYSE,DSX
Dick's Sporting Goods Inc.,NYSE,DKS
"Diebold Nixdorf, Incorporated",NYSE,DBD
Digital Realty Trust Inc.,NYSE,DLR
DigitalBridge,NYSE,DBRG
Dine Brands Global Inc.,NYSE,DIN
Discover Financial Services,NYSE,DFS
DNOW,NYSE,DNOW
Dole plc,NYSE,DOLE
Dollar General Corporation,NYSE,DG
"Dominion Energy, Inc.",NYSE,D
"Dominion Resources, Inc.",NYSE,D
"Domino's Pizza, Inc.",NYSE,DPZ
Domtar Corporation,NYSE,UFS
Donaldson Company Inc.,NYSE,DCI
DoorDash,NYSE,DASH
Dorian LPG Ltd,NYSE,LPG
"DoubleVerify Holdings, Inc.",NYSE,DV
Douglas Dynamics Inc,NYSE,PLOW
Douglas Emmett Inc.,NYSE,DEI
Dr. Reddy's Laboratories Ltd,NYSE,RDY
Dril-Quip Inc.,NYSE,DRQ
"DT Midstream, Inc.",NYSE,DTM
DTE Energy Co.,NYSE,DTE
Ducommun Inc.,NYSE,DCO
Duke Energy Corporation,NYSE,DUK
Duke Realty Corporation,NYSE,DRE
Dun & Bradstreet Corp.,NYSE,DNB
DuPont,NYSE,DD
DXC Technology,NYSE,DXC
Dynagas LNG Partners LP,NYSE,DLNG
Dynatrace Inc.,NYSE,DT
"e.l.f. Beauty, Inc.",NYSE,ELF
E2open,NYSE,ETWO
Eagle Materials Inc.,NYSE,EXP
Easterly Government Properties Inc,NYSE,DEA
EastGroup Properties,NYSE,EGP
Eastman Chemical Company,NYSE,EMN
Eaton Corporation,NYSE,ETN
Ecolab Inc.,NYSE,ECL
Ecovyst Inc.,NYSE,ECVT
Edenor,NYSE,EDN
Edgewell Personal Care Co,NYSE,EPC
Edison International,NYSE,EIX
Edwards Lifesciences,NYSE,EW
El Paso Electric Company,NYSE,EE
Elanco Animal Health Incorporated,NYSE,ELAN
Elastic N.V.,NYSE,ESTC
Element Solutions,NYSE,ESI
"Elevance Health, Inc.",NYSE,ELV
Eli Lilly & Co.,NYSE,LLY
Elme Communities,NYSE,ELME
Embotelladora Andina S.A.,NYSE,AKO-B
Embraer S.A.,NYSE,ERJ
EMCOR Group,NYSE,EME
Emeren,NYSE,SOL
"Emergent BioSolutions, Inc.",NYSE,EBS
Empire State Realty Trust Inc,NYSE,ESRT
"Employers Holdings, Inc.",NYSE,EIG
Encompass Health Corporation,NYSE,EHC
Endava plc,NYSE,DAVA
"Endeavor Group Holdings, Inc.",NYSE,EDR
Enel Americas,NYSE,ENIA
Enel Chile S.A.,NYSE,ENIC
Energizer Holdings Inc.,NYSE,ENR
Energy Fuels Inc.,NYSE,UUUU
"Energy Transfer Partners, L.P.",NYSE,ETP
"Energy Vault Holdings, Inc.",NYSE,NRGV
Enerpac Tool Group Corp.,NYSE,EPAC
EnerSys,NYSE,ENS
Eneti Inc.,NYSE,NETI
"Enhabit, Inc.",NYSE,EHAB
ENI S.p.A.,NYSE,E
"EnLink Midstream, LLC",NYSE,ENLC
Enovis Corporation,NYSE,ENOV
EnPro Industries,NYSE,NPO
Entergy Corporation,NYSE,ETR
Enterprise Products Partners L.P.,NYSE,EPD
Envestnet Inc,NYSE,ENV
Enviri,NYSE,NVRI
Envista Holdings Corporation,NYSE,NVST
Enviva Partners LP,NYSE,EVA
EOG Resources,NYSE,EOG
EPAM Systems Inc,NYSE,EPAM
EPR Properties,NYSE,EPR
EQT Corp,NYSE,EQT
EQT Midstream Partners LP,NYSE,EQM
Equifax Inc.,NYSE,EFX
Equinox Gold Corp.,NYSE,EQX
"Equitable Holdings, Inc.",NYSE,EQH
Equitrans Midstream Corporation,NYSE,ETRN
Equity Commonwealth ,NYSE,EQC
Equity Lifestyles Properties Inc.,NYSE,ELS
Equity Residential,NYSE,EQR
ESAB Corporation,NYSE,ESAB
ESCO Technologies Inc.,NYSE,ESE
Essent Group Ltd,NYSE,ESNT
Essential Properties Realty Trust Inc.,NYSE,EPRT
Essential Utilities Inc.,NYSE,WTRG
Essex Property Trust,NYSE,ESS
Estee Lauder Companies Inc.,NYSE,EL
Ethan Allen Interiors Inc.,NYSE,ETD
EuroNav,NYSE,EURN
"Eventbrite, Inc.",NYSE,EB
Evercore Partners Inc.,NYSE,EVR
Everest Re Group Ltd.,NYSE,RE
Evergy Inc,NYSE,EVRG
Eversource Energy,NYSE,ES
Evertec Inc,NYSE,EVTC
Evoqua Water Technologies,NYSE,AQUA
"Excelerate Energy, Inc.",NYSE,EE
Exelon Corporation,NYSE,EXC
Expro Group Holdings N.V.,NYSE,XPRO
Exterran Corporation,NYSE,EXTN
Extra Space Storage Inc.,NYSE,EXR
Exxon Mobil Corporation,NYSE,XOM
F.N.B. Corporation,NYSE,FNB
Fabrinet,NYSE,FN
FactSet Research Systems Inc.,NYSE,FDS
Farfetch Limited,NYSE,FTCH
Farmland Partners Inc.,NYSE,FPI
"Fastly, Inc.",NYSE,FSLY
FB Financial Corporation,NYSE,FBK
Federal Realty Investment Trust,NYSE,FRT
Federal Signal Corp.,NYSE,FSS
Federated Investors Inc.,NYSE,FII
FedEx Corporation,NYSE,FDX
Ferrari N.V.,NYSE,RACE
Fidelity National Financial Inc.,NYSE,FNF
Fidelity National Information Services Inc.,NYSE,FIS
"FIGS, Inc.",NYSE,FIGS
Finance of America Companies,NYSE,FOA
FinVolution Group,NYSE,FINV
First American Financial Corp,NYSE,FAF
First BanCorp,NYSE,FBP
First Bank PR,NYSE,FBP
First Horizon National Corp.,NYSE,FHN
First Industrial Realty Trust Inc.,NYSE,FR
First National Bank,NYSE,FNB
First Republic Bank,NYSE,FRC
FiscalNote,NYSE,NOTE
Fisker Inc.,NYSE,FSR
Fiverr International Ltd.,NYSE,FVRR
Flagstar Bancorp Inc.,NYSE,FCB
FLEX LNG Ltd.,NYSE,FLNG
"Floor & Decor Holdings, Inc.",NYSE,FND
Flowers Foods Inc.,NYSE,FLO
Flowserve Corp.,NYSE,FLS
Fluor Corporation,NYSE,FLR
FMC Corporation,NYSE,FMC
FNFV Group,NYSE,FNFV
Fomento Economico Mexicano S.A.B. de C.V.,NYSE,FMX
"Foot Locker, Inc.",NYSE,FL
Ford Motor Company,NYSE,F
Fortive Corporation,NYSE,FTV
Fortune Brands Inc.,NYSE,FBHS
Four Seasons Hotels and Resorts,NYSE,FS
Franklin BSP Realty Trust,NYSE,FBRT
Franklin Resources Inc.,NYSE,BEN
Franklin Street Properties Corp.,NYSE,FSP
Freddie Mac,NYSE,FMCC
Freeport-McMoRan Copper & Gold Inc.,NYSE,FCX
Fresenius Medical Care,NYSE,FMS
Fresh Del Monte Produce Inc.,NYSE,FDP
Frontier Communications Corporation,NYSE,FTR
FTI Consulting Inc.,NYSE,FCN
FTS International Inc,NYSE,FTSI
Galiano Gold Inc.,NYSE,GAU
GAM Holding AG,NYSE,GAM
Gannett Company Inc.,NYSE,GCI
Gap Inc.,NYSE,GPS
Garrett Motion Inc.,NYSE,GTX
"Gartner, Inc.",NYSE,IT
GasLog Ltd,NYSE,GLOG
GasLog Partners LP,NYSE,GLOP
Gates Industrial Corporation plc,NYSE,GTES
GCP Applied Technologies Inc.,NYSE,GCP
Genco Shipping & Trading Limited,NYSE,GNK
Generac Holdings Inc.,NYSE,GNRC
General Dynamics Corporation,NYSE,GD
General Electric,NYSE,GE
"General Mills, Inc.",NYSE,GIS
General Motors,NYSE,GM
Genesco Inc.,NYSE,GCO
Genesee & Wyoming Inc.,NYSE,GWR
Genpact Ltd.,NYSE,G
Genuine Parts Company,NYSE,GPC
Genworth Financial,NYSE,GNW
Geopark Ltd,NYSE,GPRK
"Getty Images Holdings, Inc.",NYSE,GETY
Getty Realty Corp.,NYSE,GTY
Gildan Activewear Inc.,NYSE,GIL
"Ginkgo Bioworks Holdings, Inc.",NYSE,DNA
Glaukos Corporation,NYSE,GKOS
"Global Business Travel Group, Inc.",NYSE,GBTG
Global Industrial Company,NYSE,GIC
Global Medical REIT Inc.,NYSE,GMRE
Global Partners LP,NYSE,GLP
Global Payments Inc.,NYSE,GPN
"Global Ship Lease, Inc.",NYSE,GSL
Globant SA,NYSE,GLOB
Globe Life Inc.,NYSE,GL
GMS Inc.,NYSE,GMS
Godaddy Inc,NYSE,GDDY
Gold Fields Limited,NYSE,GFI
Goldman Sachs Group Inc.,NYSE,GS
Goodyear Tire & Rubber Co.,NYSE,GT
Gorman-Rupp Co.,NYSE,GRC
Graco Inc.,NYSE,GGG
GrafTech International Ltd.,NYSE,GTI
Granite Construction Inc.,NYSE,GVA
Graphic Packaging Holding Company,NYSE,GPK
Gray Television Inc.,NYSE,GTN
Green Dot Corporation,NYSE,GDOT
Greenbrier Companies,NYSE,GBX
Greenhill & Co.,NYSE,GHL
Greif Inc.,NYSE,GEF
Griffon Corporation,NYSE,GFF
Group 1 Automotive Inc.,NYSE,GPI
"Grove Collaborative Holdings, Inc.",NYSE,GROV
Grupo Supervielle S.A.,NYSE,SUPV
Grupo Televisa S.A.,NYSE,TV
GTT Communications Inc,NYSE,GTT
Guangshen Railway Company Limited,NYSE,GSH
Guess? Inc.,NYSE,GES
Guidewire Software Inc,NYSE,GWRE
"GXO Logistics, Inc.",NYSE,GXO
H & R Block Inc.,NYSE,HRB
Haemonetics Corporation,NYSE,HAE
Halliburton Company,NYSE,HAL
Hamilton Insurance Group,NYSE,HG
"Harley-Davidson, Inc.",NYSE,HOG
Hartford Financial Services Group Inc.,NYSE,HIG
Hasbro Inc.,NYSE,HAS
HASI,NYSE,HASI
Hawaiian Electric Industries Inc.,NYSE,HE
HB Fuller Co,NYSE,FUL
"HCA Healthcare, Inc.",NYSE,HCA
HDFC Bank Limited,NYSE,HDB
Healthcare Realty Trust Inc.,NYSE,HR
Healthcare Trust of America inc,NYSE,HTA
Healthpeak Properties Inc.,NYSE,PEAK
Hecla Mining Company,NYSE,HL
"Helix Energy Solutions Group, Inc.",NYSE,HLX
"Helmerich & Payne, Inc.",NYSE,HP
Herbalife Ltd.,NYSE,HLF
Herc Holdings Inc.,NYSE,HRI
Heritage Insurance Holdings Inc,NYSE,HRTG
Hersha Hospitality Trust,NYSE,HT
Hershey Co.,NYSE,HSY
Hertz Global Holdings,NYSE,HTZ
Hess Corporation,NYSE,HES
Hess Midstream LP,NYSE,HESM
Hewlett Packard Enterprise Company,NYSE,HPE
Hewlett-Packard Company,NYSE,HPQ
Hexcel Corp.,NYSE,HXL
HF Sinclair Corporation,NYSE,DINO
HighPoint Resources,NYSE,HPR
Highwoods Properties Inc,NYSE,HIW
"Hill-Rom Holdings, Inc.",NYSE,HRC
"Hillenbrand, Inc.",NYSE,HI
Hilltop Holdings Inc.,NYSE,HTH
Hilton Grand Vacations Inc.,NYSE,HGV
"Hilton Worldwide Holdings, Inc.",NYSE,HLT
HireRight Holdings Corporation,NYSE,HRT
HNI Corporation,NYSE,HNI
Honeywell International Inc.,NYSE,HON
Horace Mann Educators Corp.,NYSE,HMN
Horizon Global Corporation,NYSE,HZN
Hormel Foods Corp.,NYSE,HRL
Hornbeck Offshore Services Inc.,NYSE,HOS
Host Hotels & Resorts Inc.,NYSE,HST
"Houlihan Lokey, Inc.",NYSE,HLI
"Hovnanian Enterprises, Inc.",NYSE,HOV
Howard Huges Corp,NYSE,HHC
Howmet Aerospace Inc.,NYSE,HWM
HP Inc,NYSE,hpq
HSBC Holdings plc,NYSE,HSBC
Hubbell Inc.,NYSE,HUBB
HubSpot Inc,NYSE,HUBS
Hudson Pacific Properties Inc,NYSE,HPP
Humana Inc.,NYSE,HUM
Huntington,NYSE,HBAN
"Huntington Ingalls Industries, Inc.",NYSE,HII
Huntsman Corp.,NYSE,HUN
Hyatt Hotels Corporation,NYSE,H
Hyliion Holdings Corp.,NYSE,HYLN
Hyster-Yale Materials Handling,NYSE,HY
i-80 Gold Corp,NYSE,IAUX
IAMGOLD Corp.,NYSE,IAG
ICICI Bank Limited,NYSE,IBN
IDACORP,NYSE,IDA
IDEX Corporation,NYSE,IEX
IHS Markit,NYSE,INFO
Illinois Tool Works,NYSE,ITW
IMAX Corporation,NYSE,IMAX
Independence Contract Drilling,NYSE,ICD
Independence Realty Trust Inc,NYSE,IRT
"Industrias Bachoco, S.A. de C.V.",NYSE,IBA
Informatica Inc.,NYSE,INFA
Infosys Limited,NYSE,INFY
ING Groep NV,NYSE,IDG
Ingersoll-Rand,NYSE,IR
Ingevity Corporation,NYSE,NGVT
Ingredion Incorporated,NYSE,INGR
Innovative Industrial Properties Inc,NYSE,IIPR
Insperity Inc.,NYSE,NSP
"Inspire Medical Systems, Inc.",NYSE,INSP
Installed Building Products Inc,NYSE,IBP
"Instructure, Inc.",NYSE,INST
Intelsat SA,NYSE,I
"InterContinental Exchange, Inc.",NYSE,ICE
InterContinental Hotels Group PLC,NYSE,IHG
International Business Machines Corp.,NYSE,IBM
International Flavors & Fragrances Inc.,NYSE,IFF
International Game Technology,NYSE,IGT
International Paper Co,NYSE,IP
International Seaways Inc,NYSE,INSW
Interpublic Group,NYSE,IPG
"Intrepid Potash, Inc.",NYSE,IPI
Invacare,NYSE,IVC
Invesco Ltd,NYSE,IVZ
InVitae Corp,NYSE,NVTA
IQVIA Holdings Inc.,NYSE,IQV
Iron Mountain Incorporated,NYSE,IRM
Israel Chemicals Limited,NYSE,ICL
iStar,NYSE,STAR
ITT Corp.,NYSE,ITT
Ivanhoe Electric Inc.,NYSE,IE
"J. Crew Group, Inc.",NYSE,JCG
Jabil Circuit Inc.,NYSE,JBL
Jackson Financial Inc.,NYSE,JXN
"Jacobs Engineering Group, Inc.",NYSE,JEC
Janus Henderson Group plc,NYSE,JHG
JBG SMITH,NYSE,JBGS
Jefferies Group Inc.,NYSE,JEF
"JELD-WEN Holding, Inc.",NYSE,JELD
JinkoSolar Holding Company Limited,NYSE,JKS
"Joby Aviation, Inc.",NYSE,JOBY
John Bean Technologies Corporation,NYSE,JBT
John Wiley & Sons Inc.,NYSE,JW-A
Johnson & Johnson,NYSE,JNJ
Johnson Controls International plc,NYSE,JCI
Jones Lang LaSalle Inc.,NYSE,JLL
JPMorgan Chase & Co,NYSE,JPM
Jumia Technologies AG,NYSE,JMIA
Kadant Inc.,NYSE,KAI
Kansas City Southern,NYSE,KSU
KB Financial Group Inc,NYSE,KB
KB Home,NYSE,KBH
"KBR, Inc.",NYSE,KBR
Kemet Corporation,NYSE,KEM
Kemper Corp,NYSE,KMPR
Kennametal Inc.,NYSE,KMT
Kennedy-Wilson Holdings Inc,NYSE,KW
Kenon Holdings Ltd.,NYSE,KEN
Kenvue,NYSE,KVUE
KeyBank,NYSE,KEY
Keysight Technologies,NYSE,KEYS
Kilroy Realty Corporation,NYSE,KRC
Kimberly-Clark Corp.,NYSE,KMB
Kimco Realty Corporation,NYSE,KIM
Kinder Morgan,NYSE,KMI
Kinetik Holdings Inc.,NYSE,KNTK
Kirby Corporation,NYSE,KEX
Kite Realty Group Trust,NYSE,KRG
KKR & Co. Inc.,NYSE,KKR
KKR Real Estate Finance Trust,NYSE,KREF
Knife River Corporation,NYSE,KNF
Knoll Inc,NYSE,KNL
KNOT Offshore Partners LP,NYSE,KNOP
Knowles Corp,NYSE,KN
"Kodiak Gas Services, Inc.",NYSE,KGS
Kohl's Corporation,NYSE,KSS
Koninklijke DSM N.V.,NYSE,KDSKF
"Kontoor Brands, Inc.",NYSE,KTB
Koppers Holdings Inc.,NYSE,KOP
Korn/Ferry International,NYSE,KFY
Kosmos Energy Ltd,NYSE,KOS
Kraton Performance Polymers Inc.,NYSE,KRA
Kronos Worldwide Inc.,NYSE,KRO
"Kyndryl Holdings, Inc.",NYSE,KD
L3Harris Technologies Inc.,NYSE,LHX
La-Z-Boy Inc.,NYSE,LZB
Laboratory Corporation of America Holdings,NYSE,LH
"Lamb Weston Holdings, Inc.",NYSE,LW
Las Vegas Sands Corp.,NYSE,LVS
LATAM Airlines Group,NYSE,LTM
Lazard Ltd.,NYSE,LAZ
LCI Industries,NYSE,LCII
Lear Corporation,NYSE,LEA
Legg Mason Inc.,NYSE,LM
Leggett & Platt Inc.,NYSE,LEG
Leidos Holdings,NYSE,LDOS
Lendingclub Corp,NYSE,LC
Lennar Corporation,NYSE,LEN
Lennox International Inc.,NYSE,LII
Levi Strauss & Co,NYSE,LEVI
Lexmark International Inc.,NYSE,LXK
"LG Display Co., Ltd.",NYSE,LPL
Liberty Energy Inc.,NYSE,LBRT
"Life Storage, Inc.",NYSE,LSI
Lincoln National Corp.,NYSE,LNC
Linde plc,NYSE,LIN
Lindsay Corporation,NYSE,LNN
Lineage Cell Therapeutics,NYSE,LCTX
Lion Electric Company,NYSE,LEV
"Lithia Motors, Inc.",NYSE,LAD
Livent,NYSE,LTHM
"LL Flooring Holdings, Inc.",NYSE,LL
Local Bounti Corporation,NYSE,LOCL
Lockheed Martin Corporation,NYSE,LMT
Loews Corp.,NYSE,L
Louisiana-Pacific Corp.,NYSE,LPX
"Lowe's Companies, Inc.",NYSE,LOW
LTC Properties Inc.,NYSE,LTC
Lumen Technologies,NYSE,LUMN
Luxfer Holdings PLC,NYSE,LXFR
LXP Industrial Trust,NYSE,LXP
Lyondellbasell,NYSE,LYB
"M/I Homes, Inc.",NYSE,MHO
M&T Bank Corporation,NYSE,MTB
MAA,NYSE,MAA
Macerich Company,NYSE,MAC
Macquarie Infrastructure,NYSE,MIC
"Macy's, Inc.",NYSE,M
"Magellan Midstream Partners, L.P.",NYSE,MMP
Magnolia Oil & Gas Corporation,NYSE,MGY
Mallinckrodt Plc,NYSE,MNK
Manitowoc Co. Inc.,NYSE,MTW
Manpower Inc.,NYSE,MAN
Marathon Oil Corporation,NYSE,MRO
Marathon Petroleum Corporation,NYSE,MPC
Marriott Vacations Worldwide,NYSE,VAC
Marsh & McLennan Companies Inc.,NYSE,MMC
Martin Marietta Materials Inc.,NYSE,MLM
Masco Corp.,NYSE,MAS
Masonite International Corp,NYSE,DOOR
"MasTec, Inc.",NYSE,MTZ
"MasterBrand, Inc.",NYSE,MBC
Mastercard Incorporated,NYSE,MA
Matador Resources Co,NYSE,MTDR
Matson Inc.,NYSE,MATX
Maxar Technologies Inc.,NYSE,MAXR
MAXIMUS Inc.,NYSE,MMS
"MaxLinear, Inc.",NYSE,MXL
"Mayville Engineering Company, Inc.",NYSE,MEC
McCormick & Company Inc.,NYSE,MKC
McDonalds Corporation,NYSE,MCD
McEwen Mining Inc.,NYSE,MUX
McKesson Corporation,NYSE,MCK
MDC Holdings Inc.,NYSE,MDC
MDU Resources Group Inc.,NYSE,MDU
"Medallia, Inc.",NYSE,MDLA
Medical Properties Trust Inc.,NYSE,MPW
"Medtronic, Inc.",NYSE,MDT
Merck & Co. Inc.,NYSE,MRK
Mercury General Corp.,NYSE,MCY
Meredith Corporation,NYSE,MDP
MeridianLink Inc.,NYSE,MLNK
Meritage Homes Corporation,NYSE,MTH
"Meritor, Inc.",NYSE,MTOR
Metallus,NYSE,MTUS
Methode Electronics Inc.,NYSE,MEI
MetLife Inc.,NYSE,MET
Mettler-Toledo International Inc.,NYSE,MTD
MGIC Investment Corp.,NYSE,MTG
MGM Resorts International,NYSE,MGM
Micron Technology Inc.,NYSE,MU
"Mid-America Apartment Communities, Inc.",NYSE,MAA
Minerals Technologies Inc.,NYSE,MTX
"Mirion Technologies, Inc.",NYSE,MIR
"Mistras Group, Inc.",NYSE,MG
Mitsubishi UFJ Financial Group Inc,NYSE,MUFG
"Mizuho Financial Group, Inc.",NYSE,MFG
Model N Inc,NYSE,MODN
Modine Manufacturing Co.,NYSE,MOD
Moelis & Co,NYSE,MC
Mohawk Industries Inc.,NYSE,MHK
Molina Healthcare Inc.,NYSE,MOH
Monmouth Real Estate Investment Corporation,NYSE,MNR
"Montrose Environmental Group, Inc.",NYSE,MEG
Moody's Corp.,NYSE,MCO
Moog Inc.,NYSE,MOG.A
Morgan Stanley,NYSE,MS
Mosaic Company,NYSE,MOS
"Motorola Solutions, Inc.",NYSE,MSI
"Movado Group, Inc.",NYSE,MOV
MP Materials,NYSE,MP
MPLX LP,NYSE,MPLX
MRC Global Inc,NYSE,MRC
MSA Safety Inc.,NYSE,MSA
MSC Industrial Direct Co.,NYSE,MSM
MSCI Inc,NYSE,MSCI
MTS,NYSE,MBT
"Mueller Industries, Inc.",NYSE,MLI
"Mueller Water Products, Inc.",NYSE,MWA
MultiPlan Corporation,NYSE,MPLN
Murphy Oil Corporation,NYSE,MUR
Murphy USA Inc,NYSE,MUSA
Myers Industries Inc.,NYSE,MYE
"N-able, Inc.",NYSE,NABL
NACCO Industries Inc.,NYSE,NC
National Fuel Gas Co.,NYSE,NFG
National Grid,NYSE,NGG
"National Oilwell Varco, Inc.",NYSE,NOV
National Rural Utilities Cooperative Finance Corporation,NYSE,NRU
National Storage Affiliates Trust,NYSE,NSA
Natura &Co Holding S.A.,NYSE,NTCO
Natural Grocers by Vitamin Cottage Inc,NYSE,NGVC
NatWest Group plc,NYSE,NWG
Navigator Holdings,NYSE,NVGS
Navios Maritime Holdings Inc.,NYSE,NM
Navios Maritime Partners L.P.,NYSE,NMM
Navistar International Corp,NYSE,NAV
"Neenah Paper, Inc.",NYSE,NP
NETSTREIT Corp.,NYSE,NTST
Neuberger Berman,NYSE,NHS
Nevro Corp,NYSE,NVRO
New Home Company,NYSE,NWHM
New Jersey Resources Corp,NYSE,NJR
"New Oriental Education & Technology Group, Inc.",NYSE,EDU
New Relic Inc,NYSE,NEWR
Newell Brands Inc.,NYSE,NWL
NewMarket Corporation,NYSE,NEU
Newmont Mining,NYSE,NEM
"NextEra Energy, Inc",NYSE,NEE
NexTier Oilfield Solutions Inc.,NYSE,NEX
Nielsen NV,NYSE,NLSN
NIKE Inc.,NYSE,NKE
NIO,NYSE,NIO
NiSource,NYSE,NI
"NNN REIT, Inc",NYSE,NNN
Noah Holdings Ltd.,NYSE,NOAH
Noble Corporation,NYSE,NE
"Noble Energy, Inc.",NYSE,NBL
Nokia Corporation,NYSE,NOK
Nomad Foods Limited,NYSE,NOMD
Nomura,NYSE,NMR
Nordstrom,NYSE,JWN
Norfolk Southern Corp.,NYSE,NSC
"Northern Oil & Gas, Inc.",NYSE,NOG
Northrop Grumman Corp.,NYSE,NOC
Northwest Natural Gas Company,NYSE,NWN
NorthWestern Corp,NYSE,NWE
Novartis AG,NYSE,NVS
Novo Nordisk,NYSE,NVO
NPK International Inc.,NYSE,NPKI
"NRG Energy, Inc.",NYSE,NRG
Nu Holdings,NYSE,NU
Nu Skin Enterprises Inc.,NYSE,NUS
Nucor Corporation,NYSE,NUE
NuStar Energy L.P.,NYSE,NS
Nutrien,NYSE,NTR
"O-I Glass, Inc.",NYSE,OI
Oak Street Health,NYSE,OSH
Occidental Petroleum Corporation,NYSE,OXY
Ocwen Financial Corp.,NYSE,OCN
OGE Energy Corp.,NYSE,OGE
Oi S.A.,NYSE,OIBR-C
Oil States International Inc.,NYSE,OIS
Old National Bancorp,NYSE,ONB
Old Republic International Corp.,NYSE,ORI
Olin Corp.,NYSE,OLN
Olo Inc.,NYSE,OLO
Omega Healthcare Investors,NYSE,OHI
Omnicom Group,NYSE,OMC
"ON24, Inc.",NYSE,ONTF
ONE Gas Inc,NYSE,OGS
"OneMain Holdings, Inc.",NYSE,OMF
ONEOK,NYSE,OKE
Onto Innovation Inc.,NYSE,ONTO
OppFi Inc.,NYSE,OPFI
Oracle Corporation,NYSE,ORCL
Orange,NYSE,ORAN
Organon & Co.,NYSE,OGN
"Orion Group Holdings, Inc.",NYSE,ORN
Orion S.A.,NYSE,OEC
Ormat Technologies Inc.,NYSE,ORA
"Oscar Health, Inc.",NYSE,OSCR
Oshkosh Corporation,NYSE,OSK
Otis Worldwide Corporation,NYSE,OTIS
Outfront Media,NYSE,OUT
Overseas Shipholding Group Inc.,NYSE,OSG
Owens & Minor Inc.,NYSE,OMI
Owens Corning,NYSE,OC
Owens-Illinois,NYSE,OI
Oxford Industries,NYSE,OXM
P10,NYSE,PX
Packaging Corporation of America,NYSE,PKG
"PagerDuty, Inc.",NYSE,PD
PagSeguro Digital Ltd.,NYSE,PAGS
Pall Corp,NYSE,PLL
Palo Alto Networks Inc,NYSE,PANW
Pampa Energia S.A.,NYSE,PAM
Par Pacific Holdings Inc.,NYSE,PARR
PAR Technology Corp.,NYSE,PAR
Paramount Group Inc,NYSE,PGRE
Park Hotels & Resorts Inc.,NYSE,PK
Parker Hannifin Corporation,NYSE,PH
Parker Wellbore,NYSE,PKD
Parsley Energy Inc,NYSE,PE
Parsons,NYSE,PSN
PartnerRe Ltd,NYSE,PRE
Party City Holdco Inc,NYSE,PRTY
Paycom Software Inc,NYSE,PAYC
"Paymentus Holdings, Inc.",NYSE,PAY
Paysafe Limited,NYSE,PSFE
PBF Energy,NYSE,PBF
Peabody Energy Corp.,NYSE,BTU
Pebblebrook Hotel Trust,NYSE,PEB
"Pediatrix Medical Group, Inc.",NYSE,PDX
PennyMac Financial Services Inc,NYSE,PFSI
PennyMac Mortgage Investment Trust,NYSE,PMT
Penske Automotive Group Inc.,NYSE,PAG
Pentair,NYSE,PNR
"Pepsico, Inc.",NYSE,PEP
Performance Food Group Company,NYSE,PFGC
Permian Resources Corporation,NYSE,PR
Petroleo Brasileiro S.A.- Petrobras,NYSE,PBR
Pfizer Inc.,NYSE,PFE
PG&E,NYSE,PCG
PH Glatfelter Co.,NYSE,GLT
Philip Morris International,NYSE,PM
Phillips 66,NYSE,PSX
Phillips 66 Partners LP,NYSE,PSXP
Phillips-Van Heusen Corporation,NYSE,PVH
PHINIA,NYSE,PHIN
Physicians Realty Trust,NYSE,DOC
Piedmont Office Realty Trust,NYSE,PDM
Ping Identity Holding Corp.,NYSE,PING
Pinnacle West Capital,NYSE,PNW
Pioneer Natural Resources Company,NYSE,PXD
Piper Sandler Companies,NYSE,PIPR
Pitney Bowes Inc.,NYSE,PBI
PJT Partners Inc.,NYSE,PJT
Plains All American Pipeline LP,NYSE,PAA
Plains GP Holdings LP,NYSE,PAGP
"Planet Fitness, Inc.",NYSE,PLNT
Planet Labs PBC,NYSE,PL
PLDT Inc.,NYSE,PHI
PNC Financial Services Group Inc.,NYSE,PNC
"PNM Resources, Inc.",NYSE,PNM
Polaris Inc.,NYSE,PII
Portland General Electric Company,NYSE,POR
Post Holdings Inc,NYSE,POST
PotlatchDeltic,NYSE,PCH
"PowerSchool Holdings, Inc.",NYSE,PWSC
PPG Industries,NYSE,PPG
PPL Corporation,NYSE,PPL
Preferred Apartment Communities Inc.,NYSE,APTS
Prestige Consumer Healthcare Inc.,NYSE,PBH
Primerica Inc.,NYSE,PRI
Primo Brands Corporation,NYSE,PRMB
"Procore Technologies, Inc.",NYSE,PCOR
Procter & Gamble Co.,NYSE,PG
"PROG Holdings, Inc.",NYSE,PRG
Progressive,NYSE,PGR
Prologis,NYSE,PLD
ProPetro Holding Corp.,NYSE,PUMP
"PROS Holdings, Inc.",NYSE,PRO
Protective Life Corp,NYSE,PL
Protolabs,NYSE,PRLB
Prudential Financial Inc.,NYSE,PRU
Public Service Enterprise Group Inc.,NYSE,PEG
Public Storage,NYSE,PSA
Pulte Homes Inc.,NYSE,PHM
Pure Storage,NYSE,PSTG
"Pyxus International, Inc.",NYSE,PYX
Pzena Investment,NYSE,PZN
Q2 Holdings,NYSE,QTWO
QTS Realty Trust Inc,NYSE,QTS
"Quad/Graphics, Inc.",NYSE,QUAD
Quaker Chemical Corporation,NYSE,KWR
Quanex Building Products Corporation,NYSE,NX
Quanta Services Inc.,NYSE,PWR
Quantum Corporation,NYSE,QTM
QuantumScape Corporation,NYSE,QS
Quest Diagnostics Inc.,NYSE,DGX
"QVC, Inc.",NYSE,QVCC
"Rackspace Hosting, Inc.",NYSE,RAX
Ralph Lauren Corp.,NYSE,RL
Range Resources Corporation,NYSE,RRC
"Ranger Energy Services, Inc.",NYSE,RNGR
Ranpak Holdings Corp.,NYSE,PACK
Raymond James Financial Inc.,NYSE,RJF
Rayonier Advanced Materials,NYSE,RYAM
Rayonier Inc.,NYSE,RYN
Raytheon Technologies,NYSE,RTX
Realty Income Corp.,NYSE,O
Red Hat Inc.,NYSE,RHT
Redwood Trust Inc.,NYSE,RWT
Regal Rexnord Corporation,NYSE,RRX
Regency Centers Corporation,NYSE,REG
Regions Financial Corp.,NYSE,RF
Reinsurance Group of America Inc.,NYSE,RGA
RELX,NYSE,RELX
Republic Services Inc.,NYSE,RSG
"Resideo Technologies, Inc.",NYSE,REZI
ResMed Inc.,NYSE,RMD
Restaurant Brands International,NYSE,QSR
REV Group Inc.,NYSE,REVG
"Revvity, Inc.",NYSE,RVTY
REX American Resources Corporation,NYSE,REX
Rexford Industrial Real Estate,NYSE,REXR
Ring Energy,NYSE,REI
RingCentral Inc,NYSE,RNG
Rite Aid Corp.,NYSE,RAD
RLI Corp.,NYSE,RLI
RLJ Lodging Trust,NYSE,RLJ
Robert Half International Inc.,NYSE,RHI
"Rocket Companies, Inc.",NYSE,RKT
Rockwell Automation Inc.,NYSE,ROK
Rogers Communications Inc.,NYSE,RCI
Rogers Corp,NYSE,ROG
Rollins Inc.,NYSE,ROL
Roper Technologies,NYSE,ROP
Royal Caribbean Group,NYSE,RCL
RPM International Inc.,NYSE,RPM
RPT Realty,NYSE,RPT
Ryder System Inc.,NYSE,R
Ryerson Holding Corp,NYSE,RYI
Ryman Hospitality Properties,NYSE,RHP
S&P Global Inc,NYSE,SPGI
Safe Bulkers,NYSE,SB
Safehold Inc,NYSE,SAFE
SAIC Inc.,NYSE,SAI
"Salesforce.com, Inc.",NYSE,CRM
Sally Beauty Holdings Inc.,NYSE,SBH
Samsara Inc.,NYSE,IOT
Sanofi,NYSE,SNY
SAP AG,NYSE,SAP
Sappi Ltd.,NYSE,SPP
Sasol Limited,NYSE,SSL
Sauer-Danfoss Inc.,NYSE,SHS
"Savers Value Village, Inc.",NYSE,SVV
Schlumberger Limited,NYSE,SLB
"Schneider National, Inc.",NYSE,SNDR
Science Applications,NYSE,SAIC
Scorpio Tankers,NYSE,STNG
Sea Limited,NYSE,SE
Seacor Marine Holdings Inc.,NYSE,SMHI
Seadrill Limited,NYSE,SDRL
Sealed Air Corporation ,NYSE,SEE
Seapeak,NYSE,SEAL-PA
"Select Water Solutions, Inc.",NYSE,WTTR
Sempra,NYSE,SRE
Sensata Technologies Holding plc,NYSE,ST
Sensient Technologies,NYSE,SXT
Servicemaster Global Holdings Inc,NYSE,SERV
Servicenow Inc,NYSE,NOW
SFL Corporation Ltd,NYSE,SFL
Shell Plc,NYSE,SHEL
Shinhan Financial Group Co Ltd,NYSE,SHG
Shopify Inc.,NYSE,SHOP
Sibanye Gold Limited,NYSE,SBGL
Siemens AG,NYSE,SI
Signet Jewelers Limited,NYSE,SIG
"Signify Health, Inc.",NYSE,SGFY
"SilverBow Resorces, Inc.",NYSE,SBOW
Simon Property Group Inc.,NYSE,SPG
"Simpson Manufacturing Co., Inc.",NYSE,SSD
SiriusPoint Ltd.,NYSE,SPNT
Sisecam Resources LP,NYSE,SIRE
SITE Centers,NYSE,SITC
"SiteOne Landscape Supply, Inc.",NYSE,SITE
SJW Group,NYSE,SJW
"SK Telecom Co., Ltd.",NYSE,SKM
Skechers USA Inc.,NYSE,SKX
Skillsoft,NYSE,SKIL
Skyline Corporation,NYSE,SKY
SL Green Realty,NYSE,SLG
SLM Corporation,NYSE,SLM
SM Energy Company,NYSE,SM
Smartsheet,NYSE,SMAR
Smithfield Foods Inc.,NYSE,SFD
Snap Inc.,NYSE,SNAP
Sociedad Quimica y Minera S.A.,NYSE,SQM
Soho House & Co Inc.,NYSE,SHCO
"Solaris Oilfield Infrastructure, Inc.",NYSE,SOI
Sonoco Products Co.,NYSE,SON
Sony Corporation,NYSE,SNE
Southern California Edison Company,NYSE,SCE-PB
Southern Company,NYSE,SO
Southwest Airlines Co.,NYSE,LUV
Southwest Gas Corp.,NYSE,SWX
Southwestern Energy Company,NYSE,SWN
"Spectrum Brands, Inc.",NYSE,SPB
Sphere Entertainment Co.,NYSE,SPHR
Spire Inc.,NYSE,SR
Spirit AeroSystems Holdings Inc,NYSE,SPR
"Spirit Realty Capital, Inc ",NYSE,SRC
Spotify Technology S.A.,NYSE,SPOT
Sprague Resources LP,NYSE,SRLP
Sprinklr,NYSE,CXM
SPX Corporation,NYSE,SPXC
"SPX FLOW, Inc.",NYSE,FLOW
Squarespace,NYSE,SQSP
STAG Industrial,NYSE,STAG
Standard Motor Products Inc.,NYSE,SMP
Stanley Black & Decker Inc.,NYSE,SWK
State Street Corp.,NYSE,STT
Steelcase Inc.,NYSE,SCS
Stellantis,NYSE,STLA
Stepan Company,NYSE,SCL
Stewart Information Services Corp.,NYSE,STC
Stifel Financial,NYSE,SF
STMicroelectronics,NYSE,STM
"Stoneridge, Inc.",NYSE,SRI
STORE Capital Corp,NYSE,STOR
"Stride, Inc.",NYSE,LRN
Stryker Corporation,NYSE,SYK
Sumitomo Mitsui Financial Group Inc,NYSE,SMFG
Summit Hotel Properties Inc.,NYSE,INN
Summit Materials LLC,NYSE,SUM
Sun Communities,NYSE,SUI
SunCoke Energy,NYSE,SXC
Sunnova Energy International Inc.,NYSE,NOVA
Sunoco LP,NYSE,SUN
Sunstone Hotel Investors,NYSE,SHO
Superior Industries International,NYSE,SUP
Suzano S.A.,NYSE,SUZ
sweetgreen,NYSE,SG
Switch,NYSE,SWCH
Sylvamo Corporation,NYSE,SLVM
Synchrony Financial,NYSE,SYF
Syngenta AG,NYSE,SYT
Sysco,NYSE,SYY
Tailored Brands,NYSE,TLRD
Taiwan Semiconductor Manufacturing Co. Ltd.,NYSE,TSM
Takeda Pharmaceutical Company,NYSE,TAK
TAL Education Group,NYSE,TAL
"Talos Energy, Inc.",NYSE,TALO
Tanger Inc.,NYSE,SKT
"Tapestry, Inc.",NYSE,TPR
Targa Resources Partners LP,NYSE,NGLS
Target Corp.,NYSE,TGT
Taubman Centers Inc.,NYSE,TCO
Taylor Morrison Home,NYSE,TMHC
TCF Financial Corporation,NYSE,TCB
TD SYNNEX,NYSE,SNX
TE Connectivity Ltd.,NYSE,TEL
Teck Resources Limited,NYSE,TECK
Teekay Corporation,NYSE,TK
Teekay Tankers,NYSE,TNK
TEGNA Inc.,NYSE,TGNA
"Teladoc Health, Inc.",NYSE,TDOC
Teledyne Technologies Inc.,NYSE,TDY
Teleflex Incorporated,NYSE,TFX
Telephone & Data Systems Inc.,NYSE,TDS
Televisa,NYSE,TV
Telkom Indonesia,NYSE,TLK
Tempur Pedic International Inc.,NYSE,TPX
"Tempur Sealy International, Inc.",NYSE,TPX
Tenaris SA,NYSE,TS
Tenet Healthcare Corp.,NYSE,THC
Tennant Company,NYSE,TNC
Tenneco Inc.,NYSE,TEN
Tennessee Valley Authority,NYSE,TVE
Teradata Corporation,NYSE,TDC
Terex Corporation,NYSE,TEX
"Terminix Global Holdings, Inc",NYSE,TMX
Ternium S.A.,NYSE,TX
Terran Orbital Corporation,NYSE,LLAP
Terreno Realty Corporation,NYSE,TRNO
TETRA Technologies Inc.,NYSE,TTI
Teva Pharmaceutical Industries Limited,NYSE,TEVA
Textainer Group Holdings Limited,NYSE,TGH
Textron Inc.,NYSE,TXT
TFI International Inc.,NYSE,TFII
The AES Corporation,NYSE,AES
The AZEK Company Inc.,NYSE,AZEK
The Blackstone Group L.P.,NYSE,BX
The Chemours Company,NYSE,CC
The Clorox Company,NYSE,CLX
"The Container Store Group, Inc.",NYSE,TCS
The Dow Chemical Company,NYSE,DOW
"The Duckhorn Portfolio, Inc.",NYSE,NAPA
The E.W. Scripps Company,NYSE,SSP
The GEO Group Inc,NYSE,GEO
"The Hanover Insurance Group, Inc.",NYSE,THG
"The Home Depot, Inc.",NYSE,HD
The Howard Hughes Corporation,NYSE,HHC
The J. M. Smucker Company,NYSE,SJM
The Kroger Company,NYSE,KR
"The McGraw-Hill Companies, Inc.",NYSE,MHP
The Scotts Miracle-Gro Company,NYSE,SMG
The Sherwin-Williams Company,NYSE,SHW
The Timken Company,NYSE,TKR
"The TJX Companies, Inc.",NYSE,TJX
The Toro Company,NYSE,TTC
"The Travelers Companies, Inc.",NYSE,TRV
Thermo Fisher Scientific Inc.,NYSE,TMO
Thor Industries Inc.,NYSE,THO
Tidewater Inc.,NYSE,TDW
Tiffany & Co.,NYSE,TIF
TIM Group,NYSE,TI
"Titan International, Inc.",NYSE,TWI
"Toast, Inc.",NYSE,TOST
TopBuild Corp. ,NYSE,BLD
Torrid Holdings Inc.,NYSE,CURV
TotalEnergies,NYSE,TTE
Toyota Motor Corp.,NYSE,TM
"TPG RE Finance Trust, Inc.",NYSE,TRTX
Trane Technologies plc,NYSE,TT
TransDigm Group Incorporated,NYSE,TDG
TransMontaigne Partners L.P.,NYSE,TLP
Transocean Ltd.,NYSE,RIG
TransUnion,NYSE,TRU
Trecora Resources,NYSE,TREC
"TreeHouse Foods, Inc.",NYSE,THS
Trex Co. Inc.,NYSE,TREX
"TRI Pointe Group, Inc.",NYSE,TPH
Tricon Residential Inc.,NYSE,TCN
Trimas Corporation,NYSE,TRS
TriNet Group Inc,NYSE,TNET
Trinity Industries Inc.,NYSE,TRN
Trinseo,NYSE,TSE
"Triumph Group, Inc.",NYSE,TGI
Tronox Holdings plc,NYSE,TROX
Trueblue Inc,NYSE,TBI
Truist Financial Corporation,NYSE,TFC
Tsakos Energy Navigation Ltd,NYSE,TNP
Tupperware Brands Corporation,NYSE,TUP
Turkcell Iletisim Hizmetleri AS,NYSE,TKC
Tutor Perini Corporation,NYSE,TPC
Twilio,NYSE,TWLO
Twitter Inc,NYSE,TWTR
"Tyler Technologies, Inc.",NYSE,TYL
"Tyson Foods, Inc.",NYSE,TSN
U.S. Bancorp,NYSE,USB
U.S. Cellular,NYSE,USM
"U.S. Silica Holdings, Inc.",NYSE,SLCA
"U.S. Xpress Enterprises, Inc.",NYSE,USX
"Uber Technologies, Inc.",NYSE,UBER
UBS AG,NYSE,UBS
"UDR, Inc.",NYSE,UDR
UGI Corporation,NYSE,UGI
UiPath Inc.,NYSE,PATH
Ultrapar Participacoes S.A.,NYSE,UGP
Under Armour Inc.,NYSE,UAA
"Unifi, Inc.",NYSE,UFI
UniFirst Corporation,NYSE,UNF
Union Pacific Corporation,NYSE,UNP
Unisys Corporation,NYSE,UIS
United Micro Electronics Corp.,NYSE,UMC
"United Parcel Service, Inc",NYSE,UPS
"United Rentals, Inc.",NYSE,URI
United States Steel Corp.,NYSE,X
United Technologies Corporation,NYSE,UTX
UnitedHealth Group Inc.,NYSE,UNH
Unitil Corporation,NYSE,UTL
Unity Software Inc.,NYSE,U
Univar Solutions Inc,NYSE,UNVR
Universal Corporation,NYSE,UVV
Universal Health Services Inc.,NYSE,UHS
Unum Group,NYSE,UNM
Uranium Energy Corp,NYSE,UEC
Urban Edge Properties,NYSE,UE
Urstadt Biddle Properties Inc.,NYSE,UBA
US Foods Holding Corp.,NYSE,USFD
"Utz Brands, Inc.",NYSE,UTZ
V.F. Corporation,NYSE,VFC
"V2X, Inc.",NYSE,VVX
"VAALCO Energy, Inc",NYSE,EGY
Valaris plc,NYSE,VAL
Vale,NYSE,VALE
Valens,NYSE,VLN
Valero Energy Corp.,NYSE,VLO
Valley National Bancorp,NYSE,VLY
Valmont Industries Inc,NYSE,VMI
Valvoline Inc.,NYSE,VVV
Varian Medical Systems Inc.,NYSE,VAR
Vedanta Limited,NYSE,VEDL
Venator Materials PLC,NYSE,VNTR
Ventas Inc.,NYSE,VTR
Veoneer,NYSE,VNE
Veralto Corporation,NYSE,VLTO
Veris Residential,NYSE,VRE
Veritiv Corporation,NYSE,VRTV
Verizon Communications Inc.,NYSE,VZ
Verso Corporation,NYSE,VRS
"Vertiv Holdings, LLC",NYSE,VRT
VF Corporation,NYSE,VFC
Vici Properties Inc,NYSE,VICI
Victoria's Secret & Co.,NYSE,VSCO
Vipshop Holdings Limited,NYSE,VIPS
"Visa, Inc",NYSE,V
"Vista Oil & Gas, S.A.B. de C.V.",NYSE,VIST
Vista Outdoor,NYSE,VSTO
Visteon Corp,NYSE,VC
Vistra Energy Corp,NYSE,VST
"Vital Energy, Inc.",NYSE,VTLE
"VMware, Inc.",NYSE,VMW
Volaris,NYSE,VLRS
Vontier Corporation,NYSE,VNT
Vornado Realty Trust,NYSE,VNO
voxeljet AG,NYSE,VJET
Voya Financial,NYSE,VOYA
Vulcan Materials Company,NYSE,VMC
W. P. Carey Inc.,NYSE,WPC
W. R. Grace and Company,NYSE,GRA
W.R. Berkley Corp,NYSE,WRB
W.W. Grainger ,NYSE,GWW
"W&T Offshore, Inc",NYSE,WTI
Wabash National Corporation,NYSE,WNC
"Walker & Dunlop, Inc.",NYSE,WD
Walmart Inc,NYSE,WMT
Walt Disney Co.,NYSE,DIS
Warby Parker Inc.,NYSE,WRBY
Warrior Met Coal,NYSE,HCC
"Waste Connections, Inc.",NYSE,WCN
"Waste Management, Inc",NYSE,WM
Waters Corporation,NYSE,WAT
Watts Water Technologies Inc.,NYSE,WTS
Wayfair Inc,NYSE,W
Weatherford International Ltd.,NYSE,WFT
Webster Financial Corporation,NYSE,WBS
"WEC Energy Group, Inc.",NYSE,WEC
Weingarten Realty Investors,NYSE,WRI
Weis Markets Inc.,NYSE,WMK
Wells Fargo & Company,NYSE,WFC
Welltower Inc,NYSE,WELL
WESCO International Inc.,NYSE,WCC
"West Pharmaceutical Services, Inc.",NYSE,WST
Western Alliance Bancorporation,NYSE,WAL
"Western Midstream Partners, LP",NYSE,WES
Western Union Co,NYSE,WU
Westinghouse Air Brake Technologies Corporation,NYSE,WAB
Westlake Chemical Corporation,NYSE,WLK
WestRock Company,NYSE,WRK
WeWork,NYSE,WEWK
WEX Inc.,NYSE,WEX
Weyerhaeuser Co.,NYSE,WY
WGL Holdings Inc.,NYSE,WGL
Wheaton Precious Metals Corporation,NYSE,WPM
Whirlpool Corporation,NYSE,WHR
Whitestone REIT,NYSE,WSR
"WideOpenWest, Inc.",NYSE,WOW
"Williams Companies, Inc",NYSE,WMB
Williams-Sonoma Inc.,NYSE,WSM
Winnebago Industries Inc.,NYSE,WGO
Wipro Limited,NYSE,WIT
Wisdomtree Investment,NYSE,WT
WNS (Holdings) Limited,NYSE,WNS
Wolfspeed,NYSE,WOLF
Wolverine World Wide Inc.,NYSE,WWW
Woodside Energy,NYSE,WDS
Woori Financial Group Inc.,NYSE,WF
Workday Inc,NYSE,WDAY
Workiva Inc.,NYSE,WK
World Kinect Corporation,NYSE,WKC
"Worthington Industries, Inc.",NYSE,WOR
Wright Express Corp,NYSE,WEX
"Wyndham Destinations, Inc.",NYSE,WYND
"Wyndham Hotels & Resorts, Inc.",NYSE,WH
Xenia Hotels & Resorts Inc,NYSE,XHR
Xerox Corp,NYSE,XRX
"XPO Logistics, Inc",NYSE,XPO
Xylem,NYSE,XYL
Yelp,NYSE,YELP
"YETI Holdings, Inc.",NYSE,YETI
YPF Sociedad Anonima,NYSE,YPF
Yum China Holdings Inc.,NYSE,YUMC
"YUM! Brands, Inc.",NYSE,YUM
Zayo Group Holdings,NYSE,ZAYO
Zendesk Inc,NYSE,ZEN
Zimmer Biomet,NYSE,ZBH
Zimmer Holdings Inc.,NYSE,ZMH
"ZipRecruiter, Inc.",NYSE,ZIP
Zoetis Inc.,NYSE,ZTS
ZTO Express (Cayman) Inc.,NYSE,ZTO
"Zuora, Inc.",NYSE,ZUO
Zurn Elkay Water Solutions Corporation,NYSE,ZWS
Zymeworks Inc.,NYSE,ZYME
"21Vianet Group, Inc.",NASDAQ,VNET
23andMe Holding Co.,NASDAQ,ME
2U Inc.,NASDAQ,TWOU
908 Devices Inc.,NASDAQ,MASS
AAON Inc.,NASDAQ,AAON
"Abiomed, Inc.",NASDAQ,ABMD
Academy Sports + Outdoors,NASDAQ,ASO
Acadia Healthcare Co.,NASDAQ,ACHC
"Accolade, Inc.",NASDAQ,ACCD
ACI Worldwide Inc,NASDAQ,ACIW
Activision Blizzard Inc.,NASDAQ,ATVI
Adeia Inc.,NASDAQ,ADEA
Adobe Systems Inc.,NASDAQ,ADBE
ADTRAN Inc.,NASDAQ,ADTN
"Advanced Micro Devices, Inc.",NASDAQ,AMD
"Advent Technologies Holdings, Inc.",NASDAQ,ADN
Aegion Corp,NASDAQ,AEGN
AerCap Holdings N.V.,NASDAQ,AER
"AeroVironment, Inc.",NASDAQ,AVAV
Affimed NV,NASDAQ,AFMD
"Affirm Holdings, Inc.",NASDAQ,AFRM
Afya Limited,NASDAQ,AFYA
Agios Pharmaceuticals,NASDAQ,AGIO
AGNC Investment Corp,NASDAQ,AGNC
"AgroFresh Solutions, Inc.",NASDAQ,AGFS
"Air Transport Services Group, Inc.",NASDAQ,ATSG
"Airbnb, Inc.",NASDAQ,ABNB
Akamai Technologies Inc.,NASDAQ,AKAM
Alexion Pharmaceuticals Inc.,NASDAQ,ALXN
Alico Inc.,NASDAQ,ALCO
"Alignment Healthcare, Inc.",NASDAQ,ALHC
Alithya,NASDAQ,ALYA
"Alkermes, Inc.",NASDAQ,ALKS
"Allbirds, Inc.",NASDAQ,BIRD
Allegiant Travel Company,NASDAQ,ALGT
"Allegro MicroSystems, Inc.",NASDAQ,ALGM
"Alliance Resource Partners, L.P.",NASDAQ,ARLP
"Allogene Therapeutics, Inc.",NASDAQ,ALLO
Altair Engineering Inc.,NASDAQ,ALTR
"Alto Ingredients, Inc.",NASDAQ,ALTO
"Altra Holdings, Inc.",NASDAQ,AIMC
Amalgamated Bank,NASDAQ,AMAL
Amazon.com Inc.,NASDAQ,AMZN
"Ambac Financial Group, Inc.",NASDAQ,AMBC
Amedisys Inc.,NASDAQ,AMED
Amerant Bancorp Inc.,NASDAQ,AMTBB
America's Car-Mart Inc.,NASDAQ,CRMT
American Airlines Group,NASDAQ,AAL
American Coastal Insurance,NASDAQ,ACIC
"American Outdoor Brands, Inc.",NASDAQ,AOUT
Ameris Bancorp,NASDAQ,ABCB
"Amerisafe, Inc.",NASDAQ,AMSF
Amesite Inc.,NASDAQ,AMST
Amgen Inc.,NASDAQ,AMGN
"Amicus Therapeutics, Inc.",NASDAQ,FOLD
Amkor Technology Inc.,NASDAQ,AMKR
"Amplitude, Inc.",NASDAQ,AMPL
Amyris,NASDAQ,AMRS
Analog Devices Inc.,NASDAQ,ADI
ANSYS Inc.,NASDAQ,ANSS
Anterix Inc.,NASDAQ,ATEX
APA Corporation,NASDAQ,APA
"Apellis Pharmaceuticals, Inc.",NASDAQ,APLS
"AppHarvest, Inc.",NASDAQ,APPH
Appian Corporation,NASDAQ,APPN
Apple Inc.,NASDAQ,AAPL
Applied Materials Inc.,NASDAQ,AMAT
AppLovin Corporation,NASDAQ,APP
ArcBest,NASDAQ,ARCB
Arch Capital Group Limited,NASDAQ,ACGL
Arco Platform Limited,NASDAQ,ARCE
"Arcutis Biotherapeutics, Inc.",NASDAQ,ARQT
"Arena Pharmaceuticals, Inc.",NASDAQ,ARNA
Ares Capital Corporation,NASDAQ,ARCC
argenx,NASDAQ,ARGX
Argo Group International Holdings Ltd.,NASDAQ,ARGO
Arko Corp.,NASDAQ,ARKO
"Array Technologies, Inc.",NASDAQ,ARRY
"Ascena Retail Group, Inc.",NASDAQ,ASNA
Ascendis Pharma A/S,NASDAQ,ASND
ASM International NV,NASDAQ,ASMI
"Aspen Technology, Inc.",NASDAQ,AZPN
Astec Industries Inc.,NASDAQ,ASTE
Astrana Health,NASDAQ,ASTH
Atlantica Yield PLC,NASDAQ,AY
Atlas Air Worldwide Holdings Inc.,NASDAQ,AAWW
"Atlas Technical Consultants, Inc.",NASDAQ,ATCX
Atlassian Corp Plc,NASDAQ,TEAM
"AtriCure, Inc.",NASDAQ,ATRC
aTyr Pharma Inc,NASDAQ,LIFE
Aurinia Pharmaceuticals Inc.,NASDAQ,AUPH
"Autodesk, Inc.",NASDAQ,ADSK
"Avid Technology, Inc.",NASDAQ,AVID
"Avis Budget Group, Inc",NASDAQ,CAR
Axcelis Technologies Inc.,NASDAQ,ACLS
"Axon Enterprise, Inc.",NASDAQ,AXON
"Azenta, Inc.",NASDAQ,AZTA
"Baidu, Inc.",NASDAQ,BIDU
Balchem Corporation,NASDAQ,BCPC
Ballard Power Systems,NASDAQ,BLDP
BancFirst Corporation,NASDAQ,BANF
Bancorp Inc,NASDAQ,TBBK
Bandwidth,NASDAQ,BAND
Bank OZK,NASDAQ,OZK
Banner Corporation,NASDAQ,BANR
Baozun,NASDAQ,BZUN
Beacon Roofing Supply Inc.,NASDAQ,BECN
Bed Bath & Beyond Inc.,NASDAQ,BBBY
"BeiGene, Ltd.",NASDAQ,BGNE
Benefitfocus Inc,NASDAQ,BNFT
"Bentley Systems, Incorporated",NASDAQ,BSY
"Berkshire Hills Bancorp, Inc.",NASDAQ,BHLB
Berry Corporation (bry),NASDAQ,BRY
"Beyond Meat, Inc.",NASDAQ,BYND
"BeyondSpring, Inc.",NASDAQ,BYSI
Bilibili,NASDAQ,BILI
Bio-Techne,NASDAQ,TECH
Bioceres Crop Solutions,NASDAQ,BIOX
Biogen Idec,NASDAQ,BIIB
"Bionano Genomics, Inc.",NASDAQ,BNGO
BioNTech SE,NASDAQ,BNTX
Blackbaud Inc.,NASDAQ,BLKB
Blue Bird Corp,NASDAQ,BLBD
Blue Foundry Bancorp,NASDAQ,BLFY
Blueprint Medicines Corp,NASDAQ,BPMC
BOK Financial Corporation,NASDAQ,BOKF
Booking Holdings,NASDAQ,BKNG
Bottomline Technologies Inc.,NASDAQ,EPAY
Braze,NASDAQ,BRZE
"BridgeBio Pharma, Inc.",NASDAQ,BBIO
"Brighthouse Financial, Inc.",NASDAQ,BHF
"Brilliant Earth Group, Inc.",NASDAQ,BRLT
Broadcom Inc.,NASDAQ,AVGO
"BRP Group, Inc.",NASDAQ,BRP
BRP Inc,NASDAQ,DOO
Builders FirstSource Inc.,NASDAQ,BLDR
C.H. Robinson Worldwide Inc.,NASDAQ,CHRW
Cabot Microelectronics Corporation,NASDAQ,CCMP
"Cadence Design Systems, Inc.",NASDAQ,CDNS
Caesars Acquisition Company,NASDAQ,CACQ
Caesars Entertainment Corporation,NASDAQ,CZR
Caesarstone Ltd.,NASDAQ,CSTE
CalAmp Corp.,NASDAQ,CAMP
Calavo Growers Inc.,NASDAQ,CVGW
"Calumet Specialty Products Partners, L.P",NASDAQ,CLMT
Cambridge Bancorp,NASDAQ,CATC
Camden National Corporation,NASDAQ,CAC
Canadian Solar Inc.,NASDAQ,CSIQ
Canterbury Park Holding Corporation,NASDAQ,CPHC
Capital Product Partners L.P.,NASDAQ,CPLP
Cara Therapeutics Inc,NASDAQ,CARA
"CareDx, Inc.",NASDAQ,CDNA
"CareMax, Inc.",NASDAQ,CMAX
Caretrust REIT Inc,NASDAQ,CTRE
CarGurus,NASDAQ,CARG
"CarParts.com, Inc.",NASDAQ,PRTS
Casella Waste Systems Inc.,NASDAQ,CWST
Casey's General Stores Inc.,NASDAQ,CASY
Cass Information Services Inc.,NASDAQ,CASS
Castle Biosciences Inc.,NASDAQ,CSTL
Catalyst Pharmaceutical Partners Inc.,NASDAQ,CPRX
Cathay General Bancorp,NASDAQ,CATY
"Cboe Global Markets, Inc.",NASDAQ,CBOE
CECO Environmental Corp.,NASDAQ,CECO
"Cedar Realty Trust, Inc.",NASDAQ,CDR
"Celsius Holdings, Inc.",NASDAQ,CELH
Central Garden & Pet Company,NASDAQ,CENT
Century Aluminum Company,NASDAQ,CENX
Century Casinos Inc.,NASDAQ,CNTY
Ceragon Networks Ltd.,NASDAQ,CRNT
Cerence Inc.,NASDAQ,CRNC
Cerner Corporation,NASDAQ,CERN
"Certara, Inc.",NASDAQ,CERT
CEVA Inc.,NASDAQ,CEVA
Chart Industries Inc.,NASDAQ,GTLS
Check Point Software Technologies Ltd.,NASDAQ,CHKP
ChipMOS TECHNOLOGIES INC.,NASDAQ,IMOS
Chord Energy Corporation,NASDAQ,CHRD
CHS Inc.,NASDAQ,CHSCP
Cimpress plc,NASDAQ,CMPR
Cincinnati Financial Corp.,NASDAQ,CINF
Cintas Corporation,NASDAQ,CTAS
Cirrus Logic Inc.,NASDAQ,CRUS
Cisco Systems Inc.,NASDAQ,CSCO
Citrix Systems Inc.,NASDAQ,CTXS
Clean Energy Fuels Corp.,NASDAQ,CLNE
"CleanSpark, Inc.",NASDAQ,CLSK
CME Group Inc.,NASDAQ,CME
Cognex Corporation,NASDAQ,CGNX
Cognizant Technology Solutions Corp.,NASDAQ,CTSH
"Coherent, Inc.",NASDAQ,COHR
Cohu Inc.,NASDAQ,COHU
Collegium Pharmaceutical Inc,NASDAQ,COLL
Columbia Bank,NASDAQ,CLBK
Columbia Sportswear Company,NASDAQ,COLM
Columbus McKinnon Corp.,NASDAQ,CMCO
Comcast Corp.,NASDAQ,CMCSA
Commerce Bancshares Inc,NASDAQ,CBSH
Commercial Vehicle Group Inc.,NASDAQ,CVGI
Commscope Holdings,NASDAQ,COMM
"CommVault Systems, Inc.",NASDAQ,CVLT
"Comstock Holding Companies, Inc.",NASDAQ,CHCI
Concentrix Corporation,NASDAQ,CNXC
"Confluent, Inc.",NASDAQ,CFLT
"Consolidated Communications Holdings, Inc.",NASDAQ,CNSL
Constellation Energy Corporation,NASDAQ,CEG
Copart,NASDAQ,CPRT
"Core-Mark Holding Company, Inc.",NASDAQ,CORE
CorVel Corporation,NASDAQ,CRVL
"CoStar Group, Inc.",NASDAQ,CSGP
Costco Wholesale Corporation,NASDAQ,COST
Coupa Software Incorporated,NASDAQ,COUP
"Covetrus, Inc.",NASDAQ,CVET
Cowen Group Inc.,NASDAQ,COWN
CPI Card Group Inc.,NASDAQ,PMTS
CRA International,NASDAQ,CRAI
"Cracker Barrel Old Country Store, Inc.",NASDAQ,CBRL
Craft Brew Alliance Inc,NASDAQ,BREW
Creative Media & Community Trust,NASDAQ,CMCT
Crestwood Equity Partners LP,NASDAQ,CEQP
Criteo,NASDAQ,CRTO
"Crocs, Inc.",NASDAQ,CROX
Cross Country Healthcare,NASDAQ,CCRN
"CrossFirst Bankshares, Inc.",NASDAQ,CFB
CSG Systems International Inc.,NASDAQ,CSGS
CSX Corp.,NASDAQ,CSX
Cumberland Pharmaceuticals,NASDAQ,CPIX
Cumulus Media Inc,NASDAQ,CMLS
CVB Financial Corp.,NASDAQ,CVBF
Cyberark Software Ltd,NASDAQ,CYBR
CyrusOne Inc,NASDAQ,CONE
Cytokinetics,NASDAQ,CYTK
Dassault Systemes,NASDAQ,DASTY
"Datadog, Inc.",NASDAQ,DDOG
Deckers Outdoor Corp.,NASDAQ,DECK
Definitive Healthcare Corp.,NASDAQ,DH
Dentsply Sirona Inc.,NASDAQ,XRAY
Descartes Systems Group Inc.,NASDAQ,DSGX
"Destination XL Group, Inc.",NASDAQ,DXLG
"DexCom, Inc.",NASDAQ,DXCM
"Diamondback Energy, Inc.",NASDAQ,FANG
Digimarc Corporation,NASDAQ,DMRC
Dime Community Bancshares Inc.,NASDAQ,DCOM
Diodes Incorporated,NASDAQ,DIOD
DMC Global Inc.,NASDAQ,BOOM
"DocGo, Inc.",NASDAQ,DCGO
"Dollar Tree, Inc.",NASDAQ,DLTR
"Dorman Products, Inc.",NASDAQ,DORM
DraftKings Inc.,NASDAQ,DKNG
"Dropbox, Inc.",NASDAQ,DBX
Dunkin Brands Group,NASDAQ,DNKN
DXP Enterprises Inc.,NASDAQ,DXPE
Dynamic Materials Corporation,NASDAQ,BOOM
Eagle Bulk Shipping Inc.,NASDAQ,EGLE
East West Bancorp,NASDAQ,EWBC
Eastman Kodak,NASDAQ,KODK
eBay,NASDAQ,EBAY
"Echo Global Logistics, Inc.",NASDAQ,ECHO
"Edgio, Inc.",NASDAQ,EGIO
eHealth Inc.,NASDAQ,EHTH
Elbit Systems Ltd.,NASDAQ,ESLT
Electrameccanica Vehicles Corp. Ltd.,NASDAQ,SOLO
Electronic Arts,NASDAQ,EA
Electronics For Imaging Inc.,NASDAQ,EFII
"Embark Technology, Inc.",NASDAQ,EMBK
Embecta Corp.,NASDAQ,EMBC
"Enact Holdings, Inc.",NASDAQ,ACT
Encore Capital Group Inc.,NASDAQ,ECPG
Encore Wire Corp.,NASDAQ,WIRE
Endo International,NASDAQ,ENDP
Energy Recovery,NASDAQ,ERII
Enovix Corporation,NASDAQ,ENVX
Enphase Energy Inc,NASDAQ,ENPH
Enstar Group Limited,NASDAQ,ESGR
Entegris,NASDAQ,ENTG
"Enterprise Bancorp, Inc",NASDAQ,EBTC
Enterprise Financial Services Corp.,NASDAQ,EFSC
Envestnet | Yodlee,NASDAQ,ENV
Equinix Inc.,NASDAQ,EQIX
Equity Bank,NASDAQ,EQBK
Ericsson,NASDAQ,ERIC
Establishment Labs Holdings Inc.,NASDAQ,ESTA
Etsy Inc,NASDAQ,ETSY
EuroDry Ltd.,NASDAQ,EDRY
"European Wax Center, Inc.",NASDAQ,EWCZ
Euroseas Ltd.,NASDAQ,ESEA
Evans Bancorp Inc.,NASDAQ,EVBN
"Everbridge, Inc.",NASDAQ,EVBG
"Evolv Technologies Holdings, Inc.",NASDAQ,EVLV
EXACT Sciences Corp.,NASDAQ,EXAS
Exagen Inc.,NASDAQ,XGN
"Exelixis, Inc.",NASDAQ,EXEL
Exlservice Holdings Inc.,NASDAQ,EXLS
"Expedia Group, Inc.",NASDAQ,EXPE
Expeditors International of Washington,NASDAQ,EXPD
Extraction Oil & Gas Inc,NASDAQ,XOG
"Extreme Networks, Inc",NASDAQ,EXTR
"EyePoint Pharmaceuticals, Inc.",NASDAQ,EYPT
F5 Networks Inc.,NASDAQ,FFIV
Farmer Brothers Co.,NASDAQ,FARM
FARO Technologies Inc.,NASDAQ,FARO
Fastenal Co.,NASDAQ,FAST
Ferroglobe PLC,NASDAQ,GSM
Fifth Third Bancorp,NASDAQ,FITB
First Advantage Corporation,NASDAQ,FA
First Busey Corporation,NASDAQ,BUSE
First Financial Bancorp.,NASDAQ,FFBC
"First Hawaiian, Inc.",NASDAQ,FHB
First Internet Bancorp,NASDAQ,INBK
First Interstate Bancsystem Inc,NASDAQ,FIBK
First Solar Inc.,NASDAQ,FSLR
Fiserv Inc.,NASDAQ,FISV
Five Below Inc,NASDAQ,FIVE
Five Prime Therapeutics Inc,NASDAQ,FPRX
Five Star Bancorp,NASDAQ,FSBC
Flex Ltd. ,NASDAQ,FLEX
Flexsteel Industries Inc.,NASDAQ,FLXS
FLIR Systems Inc.,NASDAQ,FLIR
FLSmidth,NASDAQ,FLS
"Fluence Energy, Inc.",NASDAQ,FLNC
Flushing Financial Corporation,NASDAQ,FFIC
Flywire Corporation,NASDAQ,FLYW
Focus Financial Partners Inc.,NASDAQ,FOCS
Forrester Research Inc.,NASDAQ,FORR
Fortinet Inc.,NASDAQ,FTNT
Fortrea,NASDAQ,FTRE
Forward Air Corp.,NASDAQ,FWRD
Fossil Group Inc. ,NASDAQ,FOSL
Fox Corporation,NASDAQ,FOX
Fox Factory Holding Corp,NASDAQ,FOXF
"Franchise Group, Inc.",NASDAQ,FRG
Franklin Electric Co. Inc.,NASDAQ,FELE
Freedom Holding Corp.,NASDAQ,FRHC
Freshpet Inc,NASDAQ,FRPT
"Frontdoor, Inc.",NASDAQ,FTDR
"Frontier Group Holdings, Inc.",NASDAQ,ULCC
FRP Holdings Inc,NASDAQ,FRPH
"FuelCell Energy, Inc.",NASDAQ,FCEL
Fulgent Genetics Inc.,NASDAQ,FLGT
Fulton Financial Corp.,NASDAQ,FULT
"G-III Apparel Group, Ltd.",NASDAQ,GIII
Galapagos NV,NASDAQ,GLPG
Garmin Ltd.,NASDAQ,GRMN
GCM Grosvenor Inc.,NASDAQ,GCMG
GDS Holdings Limited,NASDAQ,GDS
GE HealthCare Technologies Inc.,NASDAQ,GEHC
Gen Digital Inc.,NASDAQ,GEN
Genmab A/S,NASDAQ,GMAB
Gentex Corporation,NASDAQ,GNTX
Gentherm Inc,NASDAQ,THRM
Geospace Technologies Corporation,NASDAQ,GEOS
"Gevo, Inc.",NASDAQ,GEVO
"Gibraltar Industries, Inc.",NASDAQ,ROCK
Gilat Satellite Networks Ltd.,NASDAQ,GILT
Gilead Sciences,NASDAQ,GILD
Gitlab,NASDAQ,GTLB
Glacier Bancorp Inc.,NASDAQ,GBCI
GlobalFoundries,NASDAQ,GFS
Golar Lng Ltd,NASDAQ,GLNG
Golden Ocean Group Ltd,NASDAQ,GOGL
Google Inc.,NASDAQ,GOOG
"Goosehead Insurance, Inc.",NASDAQ,GSHD
"GoPro, Inc.",NASDAQ,GPRO
Great Lakes Dredge & Dock Corporation,NASDAQ,GLDD
Green Brick Partners Inc,NASDAQ,GRBK
Green Plains Inc.,NASDAQ,GPRE
GreenLight Biosciences,NASDAQ,GRNA
"Grifols, S.A.",NASDAQ,GRFS
Grindrod Shipping Holdings Ltd.,NASDAQ,GRIN
Grocery Outlet Holding Corp.,NASDAQ,GO
Groupon,NASDAQ,GRPN
Guardant Health Inc.,NASDAQ,GH
Gulfport Energy Corporation,NASDAQ,GPOR
H World Group Limited,NASDAQ,HTHT
"Halozyme Therapeutics, Inc.",NASDAQ,HALO
Hamilton Lane Incorporated,NASDAQ,HLNE
Hancock Whitney Corporation,NASDAQ,HWC
Hanmi Financial Corporation,NASDAQ,HAFC
Harmonic Inc.,NASDAQ,HLIT
"Harrow, Inc.",NASDAQ,HROW
Hawaiian Holdings Inc.,NASDAQ,HA
Hawkins Inc.,NASDAQ,HWKN
Healthcare Services Group Inc.,NASDAQ,HCSG
Healthequity Inc,NASDAQ,HQY
Heartland Financial USA Inc,NASDAQ,HTLF
Heidrick & Struggles International Inc.,NASDAQ,HSII
Helen of Troy Limited,NASDAQ,HELE
Henry Schein Inc.,NASDAQ,HSIC
"Hercules Technology Growth Capital, Inc.",NASDAQ,HTGC
Heritage Commerce Corp.,NASDAQ,HTBK
Heritage Crystal Clean Inc.,NASDAQ,HCCI
Heritage Global Inc.,NASDAQ,HGBL
Herman Miller Inc.,NASDAQ,MLHR
Heron Therapeutics Inc,NASDAQ,HRTX
Heska Corp.,NASDAQ,HSKA
Hologic Inc.,NASDAQ,HOLX
HomeStreet Inc,NASDAQ,HMST
Hooker Furniture Corp.,NASDAQ,HOFT
"Hope Bancorp, Inc.",NASDAQ,HOPE
Horizon Bancorp,NASDAQ,HBNC
Horizon Pharma Plc,NASDAQ,HZNP
Hostess Brands Inc.,NASDAQ,TWNK
Houghton Mifflin Harcourt Co,NASDAQ,HMHC
"Howard Bancorp, Inc.",NASDAQ,HBMD
Hub Group Inc,NASDAQ,HUBG
Hudson Highland Group Inc.,NASDAQ,HHGP
Huize Holding Limited,NASDAQ,HUIZ
Huron Consulting Group Inc.,NASDAQ,HURN
Hutchinson Technology Inc.,NASDAQ,HTCH
HUTCHMED,NASDAQ,HCM
"Hydrofarm Holdings Group, Inc.",NASDAQ,HYFM
I-MAB,NASDAQ,IMAB
IAC/InterActiveCorp,NASDAQ,IAC
ICF International Inc.,NASDAQ,ICFI
Ichor Holdings Ltd,NASDAQ,ICHR
ICON plc,NASDAQ,ICLR
"Ideanomics, Inc.",NASDAQ,IDEX
"IDEXX Laboratories, Inc.",NASDAQ,IDXX
"iHeartMedia, Inc.",NASDAQ,IHRT
Illumina Inc.,NASDAQ,ILMN
Immuneering,NASDAQ,IMRX
Immutep Limited,NASDAQ,IMMP
"Impinj, Inc.",NASDAQ,PI
"Inari Medical, Inc.",NASDAQ,NARI
Incyte Corporation,NASDAQ,INCY
Independent Bank Corp,NASDAQ,INDB
Independent Bank Corporation(MI),NASDAQ,IBCP
"indie Semiconductor, Inc.",NASDAQ,INDI
Infinera Corp.,NASDAQ,INFN
"Infrastructure and Energy Alternatives, Inc.",NASDAQ,IEA
InMode,NASDAQ,INMD
Innospec Inc.,NASDAQ,IOSP
Inogen Inc,NASDAQ,INGN
"Inotiv, Inc.",NASDAQ,NOTV
Inovalon Holdings,NASDAQ,INOV
"Insight Enterprises, Inc.",NASDAQ,NSIT
Insmed Incorporated,NASDAQ,INSM
Inspirato Incorporated,NASDAQ,ISPO
Insulet Corporation,NASDAQ,PODD
Integra LifeSciences Holdings,NASDAQ,IART
Integral Ad Science Holding Corp.,NASDAQ,IAS
Intel Corporation,NASDAQ,INTC
"Intellia Therapeutics, Inc.",NASDAQ,NTLA
Inter Parfums,NASDAQ,IPAR
"Interactive Brokers Group, Inc.",NASDAQ,IBKR
InterDigital Communications,NASDAQ,IDCC
Interface,NASDAQ,IFSIA
Intersect ENT Inc,NASDAQ,XENT
Intra-Cellular Therapies Inc,NASDAQ,ITCI
Intuit Inc.,NASDAQ,INTU
"Intuitive Surgical, Inc.",NASDAQ,ISRG
Ionis Pharmaceuticals Inc.,NASDAQ,IONS
IperionX,NASDAQ,IPX
IPG Photonics Corporation,NASDAQ,IPGP
"iRhythm Technologies, Inc.",NASDAQ,IRTC
Iridium Communications Inc,NASDAQ,IRDM
iRobot Corp.,NASDAQ,IRBT
iRobot Corporation,NASDAQ,IRBT
"Ironwood Pharmaceuticals, Inc.",NASDAQ,IRWD
"iTeos Therapeutics, Inc.",NASDAQ,ITOS
"Itron, Inc.",NASDAQ,ITRI
J&J Snack Foods Corp.,NASDAQ,JJSF
Jack Henry & Associates Inc.,NASDAQ,JKHY
Jack in the Box Inc.,NASDAQ,JACK
Jamf Holding Corp.,NASDAQ,JAMF
"Jazz Pharmaceuticals, Inc.",NASDAQ,JAZZ
JB Hunt Transport Services Inc.,NASDAQ,JBHT
"JD.com, Inc.",NASDAQ,JD
JetBlue Airways Corporation,NASDAQ,JBLU
JFrog Ltd.,NASDAQ,FROG
Jiayin Group Inc.,NASDAQ,JFIN
JOANN Inc.,NASDAQ,JOAN
"John Marshall Bancorp, Inc.",NASDAQ,JMSB
Juniper Networks Inc.,NASDAQ,JNPR
Kaiser Aluminum Corporation,NASDAQ,KALU
Karyopharm Therapeutics Inc,NASDAQ,KPTI
Kaspi.kz,NASDAQ,KSPI
Kearny Financial Corp.,NASDAQ,KRNY
Kelly Services Inc.,NASDAQ,KELYA
Keurig Dr Pepper,NASDAQ,KDP
Kforce Inc.,NASDAQ,KFRC
Kimball Electronics,NASDAQ,KE
Kimball International Inc,NASDAQ,KBAL
KLA-Tencor Corporation,NASDAQ,KLAC
Kodiak Sciences Inc,NASDAQ,KOD
Kornit Digital Ltd.,NASDAQ,KRNT
"Krispy Kreme, Inc.",NASDAQ,DNUT
Kulicke & Soffa Industries Inc.,NASDAQ,KLIC
Lam Research Corporation,NASDAQ,LRCX
Lamar Advertising Co.,NASDAQ,LAMR
Lancaster Colony Corp.,NASDAQ,LANC
Landsea Homes Corporation,NASDAQ,LSEA
Landstar System Inc.,NASDAQ,LSTR
"Latham Group, Inc.",NASDAQ,SWIM
Lattice Semiconductor Corporation,NASDAQ,LSCC
Laureate International Universities,NASDAQ,LAUR
Legend Biotech Corporation,NASDAQ,LEGN
Leonardo Drs Inc.,NASDAQ,DRS
Leslie's,NASDAQ,LESL
"LHC Group, Inc.",NASDAQ,LHCG
Liberty Global Inc.,NASDAQ,LBTYA
Liberty Latin America,NASDAQ,LILA
Liberty Media Corp,NASDAQ,LSXMK
"Lifecore Biomedical, Inc.",NASDAQ,LFCR
Ligand Pharmaceuticals Inc.,NASDAQ,LGND
"Light & Wonder, Inc.",NASDAQ,LNW
Limoneira Company,NASDAQ,LMNR
"Lindblad Expeditions Holdings, Inc.",NASDAQ,LIND
"Lineage, Inc.",NASDAQ,LINE
"Liquidity Services, Inc.",NASDAQ,LQDT
Littelfuse Inc.,NASDAQ,LFUS
LKQ Corp.,NASDAQ,LKQ
Logitech International SA,NASDAQ,LOGI
LoveSac,NASDAQ,LOVE
LPL Financial Holding,NASDAQ,LPLA
"LSI Industries, Inc.",NASDAQ,LYTS
"Lucid Group, Inc.",NASDAQ,LCID
Lululemon Athletica Inc,NASDAQ,LULU
Lumentum Holdings Inc.,NASDAQ,LITE
"Lyell Immunopharma, Inc.",NASDAQ,LYEL
Lyft Inc.,NASDAQ,LYFT
MACOM Technology,NASDAQ,MTSI
MacroGenics Inc,NASDAQ,MGNX
Magal Security Systems Ltd.,NASDAQ,MAGS
Magellan Health Services Inc.,NASDAQ,MGLN
MannKind Corporation,NASDAQ,MNKD
ManTech International Corp.,NASDAQ,MANT
Maravai LifeSciences,NASDAQ,MRVI
MarketAxess Holdings Inc.,NASDAQ,MKTX
"Marqeta, Inc.",NASDAQ,MQ
"Marriott International, Inc.",NASDAQ,MAR
Marvell Technology Group Ltd.,NASDAQ,MRVL
MasterCraft Boat Company,NASDAQ,MCFT
"Match Group, Inc.",NASDAQ,MTCH
Materialise NV,NASDAQ,MTLS
Matrix Service Co.,NASDAQ,MTRX
Mattel Inc.,NASDAQ,MAT
"Matterport, Inc.",NASDAQ,MTTR
Matthews International Corporation,NASDAQ,MATW
Maxeon Solar Technologies,NASDAQ,MAXN
Maxim Integrated Products Inc.,NASDAQ,MXIM
McGrath RentCorp,NASDAQ,MGRC
"Medpace Holdings, Inc.",NASDAQ,MEDP
"MEI Pharma, Inc.",NASDAQ,MEIP
Melco Resorts & Entertainment,NASDAQ,MLCO
MercadoLibre Inc.,NASDAQ,MELI
Mercantile Bank Corp.,NASDAQ,MBWM
Mercer International Inc.,NASDAQ,MERC
Merit Medical Systems Inc.,NASDAQ,MMSI
"Meta Platforms, Inc.",NASDAQ,META
Methanex Corporation,NASDAQ,MEOH
MGE Energy Inc.,NASDAQ,MGEE
MGP Ingredients Inc.,NASDAQ,MGPI
Microchip Technology Inc.,NASDAQ,MCHP
Microsoft Corporation,NASDAQ,MSFT
Middleby Corp.,NASDAQ,MIDD
Middlesex Water Company,NASDAQ,MSEX
Mimecast Limited,NASDAQ,MIME
"Mirati Therapeutics, Inc.",NASDAQ,MRTX
"Mission Produce, Inc.",NASDAQ,AVO
MKS Instruments Inc.,NASDAQ,MKSI
Moderna Inc.,NASDAQ,MRNA
ModivCare Inc.,NASDAQ,MODV
monday.com,NASDAQ,MNDY
Mondelez International,NASDAQ,MDLZ
"MongoDB, Inc.",NASDAQ,MDB
"Monolithic Power Systems, Inc.",NASDAQ,MPWR
"Monro, Inc.",NASDAQ,MNRO
Monster Beverage Corp,NASDAQ,MNST
Morningstar Inc.,NASDAQ,MORN
Mylan Nv,NASDAQ,MYL
MYR Group Inc,NASDAQ,MYRG
"Myriad Genetics, Inc.",NASDAQ,MYGN
Natera Inc,NASDAQ,NTRA
National Instruments Corp.,NASDAQ,NATI
National Vision Inc.,NASDAQ,EYE
Natures Sunshine Products,NASDAQ,NATR
Navient Corp,NASDAQ,NAVI
Navitas,NASDAQ,NVTS
"NerdWallet, Inc.",NASDAQ,NRDS
"NetApp, Inc.",NASDAQ,NTAP
"NetEase, Inc. ",NASDAQ,NTES
"Netflix, Inc.",NASDAQ,NFLX
Netgear Inc.,NASDAQ,NTGR
"NetScout Systems, Inc.",NASDAQ,NTCT
Neurocrine Biosciences Inc.,NASDAQ,NBIX
New Fortress Energy LLC,NASDAQ,NFE
"Newmark Group, Inc.",NASDAQ,NMRK
News Corporation,NASDAQ,NWS
"Nexstar Media Group, Inc.",NASDAQ,NXST
"NI Holdings, Inc.",NASDAQ,NODK
NICE Ltd.,NASDAQ,NICE
Niu Technologies,NASDAQ,NIU
"nLIGHT, Inc.",NASDAQ,LASR
NMI Holdings Inc,NASDAQ,NMIH
NN Inc.,NASDAQ,NNBR
Nordson Corporation,NASDAQ,NDSN
Northern Trust,NASDAQ,NTRS
Northrim Bancorp Inc.,NASDAQ,NRIM
Norwegian Cruise Line Holdings Ltd,NASDAQ,NCLH
Novanta Inc.,NASDAQ,NOVT
NovoCure Limited,NASDAQ,NVCR
Nuance Communications,NASDAQ,NUAN
"Nutanix, Inc.",NASDAQ,NTNX
NuVasive,NASDAQ,NUVA
Nuvei,NASDAQ,NVEI
NV5 Holdings Inc,NASDAQ,NVEE
NVIDIA Corporation,NASDAQ,NVDA
NXP Semiconductors N.V.,NASDAQ,NXPI
OceanFirst Financial Corp.,NASDAQ,OCFC
Office Properties Income Trust,NASDAQ,OPI
"Okta, Inc.",NASDAQ,OKTA
Old Dominion Freight Line Inc.,NASDAQ,ODFL
"Olympic Steel, Inc.",NASDAQ,ZEUS
Omnicell Inc.,NASDAQ,OMCL
OmniVision Technologies Inc.,NASDAQ,OVTI
ON Semiconductor,NASDAQ,ON
Open Lending Corporation,NASDAQ,LPRO
OpenText Corporation,NASDAQ,OTEX
Oportun Financial Corporation,NASDAQ,OPRT
OptimizeRx Corporation,NASDAQ,OPRX
OraSure Technologies Inc.,NASDAQ,OSUR
"ORBCOMM, Inc.",NASDAQ,ORBC
"Origin Bancorp, Inc.",NASDAQ,OBNK
"Orion Energy Systems, Inc.",NASDAQ,OESX
OrthoPediatrics Corp.,NASDAQ,KIDS
Otter Tail Corporation,NASDAQ,OTTR
"Outset Medical, Inc.",NASDAQ,OM
PACCAR Inc.,NASDAQ,PCAR
Pacific Biosciences of California,NASDAQ,PACB
Pacific Mercantile Bancorp,NASDAQ,PMBC
"Pacific Premier Bancorp, Inc.",NASDAQ,PPBI
Pacira Pharmaceuticals Inc,NASDAQ,PCRX
Pactiv Evergreen Inc.,NASDAQ,PTVE
Palomar Holdings Inc.,NASDAQ,PLMR
Pangaea Logistics Solutions Ltd.,NASDAQ,PANL
Papa John's International Inc.,NASDAQ,PZZA
Paramount,NASDAQ,PARA
"Pathward Financial, Inc.",NASDAQ,CASH
Patrick Industries Inc.,NASDAQ,PATK
Pattern Energy Group Inc,NASDAQ,PEGI
Patterson Companies Inc.,NASDAQ,PDCO
Patterson-UTI Energy Inc.,NASDAQ,PTEN
"Paychex, Inc.",NASDAQ,PAYX
"Paycor HCM, Inc.",NASDAQ,PYCR
Paylocity Holding Corp,NASDAQ,PCTY
"PayPal Holdings, Inc",NASDAQ,PYPL
PDC Energy,NASDAQ,PETD
PDF Solutions Inc.,NASDAQ,PDFS
Pegasystems Inc.,NASDAQ,PEGA
"Peloton Interactive, Inc.",NASDAQ,PTON
"Penn Entertainment, Inc.",NASDAQ,PENN
People's United Financial Inc.,NASDAQ,PBCT
Perficient Inc.,NASDAQ,PRFT
Performance Shipping Inc.,NASDAQ,PSHG
Perpetua Resources,NASDAQ,PPTA
Perrigo Co.,NASDAQ,PRGO
"Petco Health and Wellness Company, Inc.",NASDAQ,WOOF
PETsMART,NASDAQ,PETM
PHI Inc.,NASDAQ,PHIIK
PHI Inc.,NASDAQ,PHII
Phibro Animal Health Corp,NASDAQ,PAHC
"Phillips Edison & Company, Inc.",NASDAQ,PECO
Piedmont Lithium Limited,NASDAQ,PLL
Pilgrim's Pride Corp,NASDAQ,PPC
Pinduoduo Inc.,NASDAQ,PDD
Pinnacle Financial Partners Inc.,NASDAQ,PNFP
Planar Systems Inc.,NASDAQ,PLNR
Plexus Corp.,NASDAQ,PLXS
Plug Power Inc.,NASDAQ,PLUG
Plumas Bank,NASDAQ,PLBC
"PMV Pharmaceuticals, Inc.",NASDAQ,PMVP
Ponce Financial Group,NASDAQ,PDLB
Pool Corp,NASDAQ,POOL
Popular Inc,NASDAQ,BPOP
"Porch Group, Inc.",NASDAQ,PRCH
PRA Group,NASDAQ,PRAA
PRA Health Sciences Inc,NASDAQ,PRAH
"Precision BioSciences, Inc.",NASDAQ,DTIL
Premier Inc,NASDAQ,PINC
PriceSmart Inc.,NASDAQ,PSMT
Principal Financial Group Inc.,NASDAQ,PFG
PROCEPT BioRobotics Corporation,NASDAQ,PRCT
Progress Software,NASDAQ,PRGS
"Progyny, Inc.",NASDAQ,PGNY
Ptc Inc,NASDAQ,PTC
PTC Therapeutics Inc,NASDAQ,PTCT
Pulmonx Corporation,NASDAQ,LUNG
Pure Cycle Corp.,NASDAQ,PCYO
PureCycle Technologies Inc.,NASDAQ,PCT
QCR Holdings Inc.,NASDAQ,QCRH
Qiagen NV,NASDAQ,QGEN
Qifu Technology Inc.,NASDAQ,QFIN
"Qorvo, Inc",NASDAQ,QRVO
Qualcomm Incorporated,NASDAQ,QCOM
Qualys Inc,NASDAQ,QLYS
QuidelOrtho Corporation,NASDAQ,QDEL
"Qurate Retail, Inc.",NASDAQ,QRTEA
R1 RCM Inc.,NASDAQ,RCM
"Radius Global Infrastructure, Inc.",NASDAQ,RADI
Radware Ltd.,NASDAQ,RDWR
"Ramaco Resources, Inc.",NASDAQ,METC
Rambus Inc.,NASDAQ,RMBS
Ranger Oil Corporation,NASDAQ,ROCC
"Rapid7, Inc.",NASDAQ,RPD
Raven Industries Inc.,NASDAQ,RAVN
"Recursion Pharmaceuticals, Inc.",NASDAQ,RXRX
Red Robin Gourmet Burgers Inc.,NASDAQ,RRGB
Redfin Corporation,NASDAQ,RDFN
Regeneron Pharmaceuticals Inc.,NASDAQ,REGN
"Relay Therapeutics, Inc.",NASDAQ,RLAY
"Remitly Global, Inc.",NASDAQ,RELY
Renasant Corp.,NASDAQ,RNST
Renewable Energy Group,NASDAQ,REGI
Repay Holdings Corporation,NASDAQ,RPAY
Repligen Corporation,NASDAQ,RGEN
"Reservoir Media, Inc.",NASDAQ,RSVR
Retail Opportunity Investment,NASDAQ,ROIC
Revance Therapeutics,NASDAQ,RVNC
Reynolds Consumer Products Inc.,NASDAQ,REYN
"Rhythm Pharmaceuticals, Inc.",NASDAQ,RYTM
Ribbon Communications Inc.,NASDAQ,RBBN
Rigel Pharmaceuticals Inc.,NASDAQ,RIGL
Rivian,NASDAQ,RIVN
Robinhood Markets Inc.,NASDAQ,HOOD
"Rocket Lab USA, Inc.",NASDAQ,RKLB
Ross Stores Inc.,NASDAQ,ROST
"Royal Gold, Inc.",NASDAQ,RGLD
Royalty Pharma plc,NASDAQ,RPRX
"Rush Enterprises, Inc.",NASDAQ,RUSHA
Ryanair Holdings plc,NASDAQ,RYAAY
S&T Bancorp Inc.,NASDAQ,STBA
Sabra Health Care REIT,NASDAQ,SBRA
Sabre Corp,NASDAQ,SABR
Safety Insurance Group Inc.,NASDAQ,SAFT
Saia Inc,NASDAQ,SAIA
Sanderson Farms,NASDAQ,SAFM
Sandy Spring Bancorp Inc.,NASDAQ,SASR
Sanmina-SCI Corp.,NASDAQ,SANM
Sapiens International Corporation,NASDAQ,SPNS
Sarepta Therapeutics,NASDAQ,SRPT
SBA Communications Corp.,NASDAQ,SBAC
Schnitzer Steel Industries Inc.,NASDAQ,SCHN
Scholastic Corporation,NASDAQ,SCHL
"Schrodinger, Inc.",NASDAQ,SDGR
Seagate Technology PLC,NASDAQ,STX
Seanergy Maritime Holdings Corp.,NASDAQ,SHIP
Seattle Genetics,NASDAQ,SGEN
Secoo Holding Limited,NASDAQ,SECO
SEI Investments Co.,NASDAQ,SEIC
Selective Insurance Group,NASDAQ,SIGI
Semtech Corp.,NASDAQ,SMTC
Seneca Foods Corp.,NASDAQ,SENEA
"Shoals Technologies Group, Inc.",NASDAQ,SHLS
"ShockWave Medical, Inc.",NASDAQ,SWAV
SI-BONE Inc.,NASDAQ,SIBN
Sierra Wireless,NASDAQ,SWIR
Signature Bank,NASDAQ,SBNY
Silgan Holdings,NASDAQ,SLGN
Silicon Laboratories Inc.,NASDAQ,SLAB
"Silk Road Medical, Inc.",NASDAQ,SILK
"Simulations Plus, Inc.",NASDAQ,SLP
Sinclair Broadcast Group,NASDAQ,SBGI
"Sinovac Biotech, Ltd.",NASDAQ,SVA
"Sirius International Insurance Group, Ltd.",NASDAQ,SG
SiTime Corporation,NASDAQ,SITM
SkyWest,NASDAQ,SKYW
Skyworks Solutions Inc.,NASDAQ,SWKS
Sleep Number Corporation,NASDAQ,SNBR
"SMART Global Holdings, Inc.",NASDAQ,SGH
Societal™ CDMO,NASDAQ,SCTL
SoFi Technologies Inc.,NASDAQ,SOFI
SolarEdge,NASDAQ,SEDG
Sonos Inc,NASDAQ,SONO
Sotera Health Company,NASDAQ,SHC
Sound Financial Bancorp Inc,NASDAQ,SFBC
"South Plains Financial, Inc.",NASDAQ,SPFI
South State Corporation,NASDAQ,SSB
Southern Copper Corp.,NASDAQ,SCCO
"Southern First Bancshares, Inc.",NASDAQ,SFST
SP Plus Corp,NASDAQ,SP
SpartanNash Co,NASDAQ,SPTN
Spectrum Pharmaceuticals Inc.,NASDAQ,SPPI
"Spirit Airlines, Inc.",NASDAQ,SAVE
Splunk Inc,NASDAQ,SPLK
Spok Holdings,NASDAQ,SPOK
"Sprout Social, Inc.",NASDAQ,SPT
Sprouts Farmers Market,NASDAQ,SFM
"SS&C Technologies, Inc.",NASDAQ,SSNC
SSR Mining,NASDAQ,SSRM
STAAR Surgical Co.,NASDAQ,STAA
Standard BioTools,NASDAQ,LAB
Star Bulk Carriers Corp.,NASDAQ,SBLK
Starbucks Corp.,NASDAQ,SBUX
State Auto Financial,NASDAQ,STFC
Steel Dynamics Inc.,NASDAQ,STLD
StepStone Group Inc.,NASDAQ,STEP
Stericycle,NASDAQ,SRCL
Sterling Infrastructure Inc.,NASDAQ,STRL
Steven Madden Ltd.,NASDAQ,SHOO
Stitch Fix,NASDAQ,SFIX
Stock Yards Bancorp Inc.,NASDAQ,SYBT
StoneCo Ltd.,NASDAQ,STNE
Stratasys Inc.,NASDAQ,SSYS
SunPower Corporation,NASDAQ,SPWR
Sunrun Inc.,NASDAQ,RUN
"Superior Group of Companies, Inc.",NASDAQ,SGC
SVB Financial Group,NASDAQ,SIVB
"Sykes Enterprises, Incorporated",NASDAQ,SYKE
"Syneos Health, Inc.",NASDAQ,SYNH
Synopsys,NASDAQ,SNPS
T-Mobile,NASDAQ,TMUS
"T. Rowe Price Group, Inc.",NASDAQ,TROW
Take-Two Interactive Software Inc.,NASDAQ,TTWO
Tandem Diabetes Care,NASDAQ,TNDM
"TaskUs, Inc.",NASDAQ,TASK
Team Inc.,NASDAQ,TISI
Tecnoglass Inc.,NASDAQ,TGLS
TeleTech Holdings Inc.,NASDAQ,TTEC
Tellurian Inc.,NASDAQ,TELL
Teradyne Inc.,NASDAQ,TER
TeraWulf Inc.,NASDAQ,WULF
"TerraForm Power, Inc.",NASDAQ,TERP
"Tesla, Inc.",NASDAQ,TSLA
Tethys Oil AB,NASDAQ,TETY
"Tetra Tech, Inc.",NASDAQ,TTEK
Texas Capital BancShares Inc.,NASDAQ,TCBI
Texas Instruments Inc.,NASDAQ,TXN
Texas Roadhouse Inc.,NASDAQ,TXRH
"The Andersons, Inc.",NASDAQ,ANDE
The Carlyle Group Inc.,NASDAQ,CG
The Cheesecake Factory Incorporated,NASDAQ,CAKE
The Children's Place Retail Stores Inc.,NASDAQ,PLCE
"The Ensign Group, Inc.",NASDAQ,ENSG
"The First Bancorp, Inc.",NASDAQ,FNLC
"The First, A National Banking Association",NASDAQ,FBMS
"The Hain Celestial Group, Inc.",NASDAQ,HAIN
The Kraft Heinz Company,NASDAQ,KHC
The Metals Company,NASDAQ,TMC
"The Michaels Companies, Inc.",NASDAQ,MIK
The ODP Corporation,NASDAQ,ODP
The RMR Group ,NASDAQ,RMR
"The Shyft Group, Inc.",NASDAQ,SHYF
The Simply Good Foods Company,NASDAQ,SMPL
The Vita Coco Company,NASDAQ,COCO
The Wendy’s Company,NASDAQ,WEN
Third Coast Bank SSB,NASDAQ,TCBX
Thoughtworks,NASDAQ,TWKS
ThredUp Inc.,NASDAQ,TDUP
Titan Machinery,NASDAQ,TITN
TORM,NASDAQ,TORM
Tower Semiconductor Ltd.,NASDAQ,TSEM
TPG Inc.,NASDAQ,TPG
TPI Composites Inc.,NASDAQ,TPIC
Tractor Supply Company,NASDAQ,TSCO
Tradeweb Markets Inc.,NASDAQ,TW
"TransMedics Group, Inc.",NASDAQ,TMDX
TravelCenters of America,NASDAQ,TA
"Treace Medical Concepts, Inc.",NASDAQ,TMCI
Trimble Inc.,NASDAQ,TRMB
Trip.com Group Limited,NASDAQ,TCOM
Triumph Financial Inc.,NASDAQ,TFIN
Trupanion Inc,NASDAQ,TRUP
"TTEC Holdings, Inc.",NASDAQ,TTEC
"TTM Technologies, Inc.",NASDAQ,TTMI
TuSimple Holdings Inc.,NASDAQ,TSP
Twist Bioscience Corporation,NASDAQ,TWST
"U.S. Auto Parts Network, Inc",NASDAQ,PRTS
"Udemy, Inc.",NASDAQ,UDMY
UFP Industries Inc.,NASDAQ,UFPI
Ulta Salon Cosmetics,NASDAQ,ULTA
Ultragenyx Pharma,NASDAQ,RARE
UMB Financial Corporation,NASDAQ,UMBF
Umpqua Holdings Corp.,NASDAQ,UMPQ
uniQure N.V.,NASDAQ,QURE
"United Airlines Holdings, Inc.",NASDAQ,UAL
United Bank,NASDAQ,UBSI
"United Bankshares, Inc.",NASDAQ,UBSI
"United Community Banks, Inc.",NASDAQ,UCBI
"United Natural Foods,Inc.",NASDAQ,UNFI
United Therapeutics Corporation,NASDAQ,UTHR
Uniti Group Inc.,NASDAQ,UNIT
Universal Display Corporation,NASDAQ,OLED
Univest Corporation of Pennsylvania,NASDAQ,UVSP
"Upbound Group, Inc.",NASDAQ,UPBD
"Upstart Holdings, Inc.",NASDAQ,UPST
Upwork,NASDAQ,UPWK
"Urban Outfitters, Inc.",NASDAQ,URBN
"urban-gro, Inc.",NASDAQ,UGRO
"US Ecology, Inc.",NASDAQ,ECOL
USANA Health Sciences Inc.,NASDAQ,USNA
Uxin Limited,NASDAQ,UXIN
Varex Imaging Corporation,NASDAQ,VREX
Veeco Instruments Inc.,NASDAQ,VECO
VEON Ltd.,NASDAQ,VEON
Vera Bradley,NASDAQ,VRA
Veracyte,NASDAQ,VCYT
Veradigm,NASDAQ,MDRX
"Verb Technology Company, Inc.",NASDAQ,VERB
Vericel Corp,NASDAQ,VCEL
Verint Systems Inc,NASDAQ,VRNT
Verisk Analytics Inc,NASDAQ,VRSK
Verra Mobility Corporation,NASDAQ,VRRM
Vertex Pharmaceuticals Inc.,NASDAQ,VRTX
Viant Technology Inc.,NASDAQ,DSP
ViaSat Inc.,NASDAQ,VSAT
Viatris,NASDAQ,VTRS
Viavi Solutions Inc.,NASDAQ,VIAV
Virtusa Corp,NASDAQ,VRTU
"Vital Farms, Inc.",NASDAQ,VITL
"Vroom, Inc.",NASDAQ,VRM
VSE Corporation,NASDAQ,VSEC
"Walgreens Boots Alliance, Inc.",NASDAQ,WBA
"Warner Bros. Discovery, Inc.",NASDAQ,WBD
Warner Music Group,NASDAQ,WMG
Washington Federal Inc,NASDAQ,WAFD
Washington Trust Bancorp Inc.,NASDAQ,WASH
"Wayne Farms, Inc.",NASDAQ,WNFM
WD-40 Company,NASDAQ,WDFC
Werner Enterprises,NASDAQ,WERN
West Corporation,NASDAQ,WSTC
"Western Digital Technologies, Inc.",NASDAQ,WDC
Westrock Coffee Company,NASDAQ,WEST
Wildan Group,NASDAQ,WLDN
Willis Towers Watson,NASDAQ,WLTW
WillScot Mobile Mini Holdings Corp.,NASDAQ,WSC
"Windstream Holdings, Inc.",NASDAQ,WIN
Wintrust Financial Corporation,NASDAQ,WTFC
Woodward Inc.,NASDAQ,WWD
WPP Group plc,NASDAQ,WPPGY
WSFS Financial Corp,NASDAQ,WSFS
Wynn Resorts Ltd,NASDAQ,WYNN
Xcel Energy,NASDAQ,XEL
Xilinx,NASDAQ,XLNX
XP Inc.,NASDAQ,XP
Xperi Corporation,NASDAQ,XPER
Zai Lab Limited,NASDAQ,ZLAB
Zealand Pharma A/S,NASDAQ,ZEAL
Zebra Technologies Corp.,NASDAQ,ZBRA
"Ziff Davis, Inc.",NASDAQ,ZD
Zillow Group,NASDAQ,Z
Zions Bancorporation,NASDAQ,ZION
"Zoom Video Communications, Inc.",NASDAQ,ZM
ZoomInfo,NASDAQ,ZI
"Zscaler, Inc.",NASDAQ,ZS
